{"raw": [[0.0, 1.0, 1.0, 1.0, 1.0, 1.0, 1.0, 1.0, 1.0], [0.0, 0.0, 1.0, 0.8666666666666667, 0.8083333333333333, 1.0, 0.8999999999999999, 0.9416666666666667, 0.8083333333333333], [0.0, 0.0, 0.0, 0.925, 1.0, 0.8583333333333334, 0.925, 0.9583333333333333, 0.9916666666666667], [0.0, 0.0, 0.0, 0.0, 0.825, 0.9583333333333333, 1.0, 0.9750000000000001, 0.95], [0.0, 0.0, 0.0, 0.0, 0.0, 0.825, 0.6916666666666667, 0.8999999999999999, 0.9083333333333334], [0.0, 0.0, 0.0, 0.0, 0.0, 0.0, 0.9083333333333334, 0.9166666666666667, 0.8500000000000001], [0.0, 0.0, 0.0, 0.0, 0.0, 0.0, 0.0, 0.9416666666666667, 0.8416666666666666], [0.0, 0.0, 0.0, 0.0, 0.0, 0.0, 0.0, 0.0, 0.9416666666666667], [0.0, 0.0, 0.0, 0.0, 0.0, 0.0, 0.0, 0.0, 0.0]], "emb": [[0.0, 1.0, 1.0, 1.0, 1.0, 1.0, 1.0, 1.0, 1.0], [0.0, 0.0, 1.0, 0.8583333333333334, 0.8583333333333334, 0.925, 0.8583333333333334, 0.8583333333333334, 0.8916666666666666], [0.0, 0.0, 0.0, 0.5916666666666666, 0.7166666666666666, 0.8500000000000001, 0.75, 0.7916666666666667, 0.7583333333333333], [0.0, 0.0, 0.0, 0.0, 0.675, 0.7749999999999999, 0.7749999999999999, 0.7916666666666667, 0.6333333333333333], [0.0, 0.0, 0.0, 0.0, 0.0, 0.8083333333333333, 0.2333333333333334, 0.3666666666666667, 0.43333333333333335], [0.0, 0.0, 0.0, 0.0, 0.0, 0.0, 0.7916666666666667, 0.8166666666666667, 0.7833333333333334], [0.0, 0.0, 0.0, 0.0, 0.0, 0.0, 0.0, 0.3500000000000001, 0.55], [0.0, 0.0, 0.0, 0.0, 0.0, 0.0, 0.0, 0.0, 0.5333333333333334], [0.0, 0.0, 0.0, 0.0, 0.0, 0.0, 0.0, 0.0, 0.0]], "mat": [[0.0, 0.0, 0.0, 0.0, 0.0, 0.0, 0.0, 0.0, 0.0], [0.0, 0.0, 0.0, 0.008333333333333304, -0.050000000000000044, 0.07499999999999996, 0.04166666666666652, 0.08333333333333326, -0.08333333333333326], [0.0, 0.0, 0.0, 0.3333333333333335, 0.28333333333333344, 0.008333333333333304, 0.17500000000000004, 0.16666666666666652, 0.2333333333333334], [0.0, 0.0, 0.0, 0.0, 0.1499999999999999, 0.18333333333333335, 0.2250000000000001, 0.18333333333333335, 0.31666666666666665], [0.0, 0.0, 0.0, 0.0, 0.0, 0.016666666666666607, 0.45833333333333326, 0.5333333333333332, 0.4750000000000001], [0.0, 0.0, 0.0, 0.0, 0.0, 0.0, 0.1166666666666667, 0.10000000000000009, 0.06666666666666665], [0.0, 0.0, 0.0, 0.0, 0.0, 0.0, 0.0, 0.5916666666666666, 0.2916666666666665], [0.0, 0.0, 0.0, 0.0, 0.0, 0.0, 0.0, 0.0, 0.4083333333333332], [0.0, 0.0, 0.0, 0.0, 0.0, 0.0, 0.0, 0.0, 0.0]]}