{"raw": [[0.0, 0.9272727272727272, 1.0, 0.9724137931034482, 0.9887640449438202, 0.9877300613496933, 1.0, 0.9282051282051282], [0.0, 0.0, 0.9746835443037976, 0.5949367088607596, 0.5714285714285714, 1.0, 1.0, 0.8604651162790697], [0.0, 0.0, 0.0, 1.0, 0.945945945945946, 0.9090909090909092, 1.0, 1.0], [0.0, 0.0, 0.0, 0.0, 0.6756756756756757, 1.0, 1.0, 0.9259259259259258], [0.0, 0.0, 0.0, 0.0, 0.0, 1.0, 1.0, 0.9540229885057472], [0.0, 0.0, 0.0, 0.0, 0.0, 0.0, 0.9199999999999999, 0.9166666666666667], [0.0, 0.0, 0.0, 0.0, 0.0, 0.0, 0.0, 1.0], [0.0, 0.0, 0.0, 0.0, 0.0, 0.0, 0.0, 0.0]], "emb": [[0.0, 0.8999999999999999, 0.8758620689655172, 0.9172413793103449, 0.9550561797752808, 0.9263803680981595, 0.8513513513513513, 0.8974358974358974], [0.0, 0.0, 0.8734177215189873, 0.8481012658227849, 0.4642857142857142, 0.9587628865979381, 0.8292682926829269, 0.8914728682170543], [0.0, 0.0, 0.0, 0.5, 0.945945945945946, 0.9090909090909092, 0.7142857142857142, 0.8148148148148149], [0.0, 0.0, 0.0, 0.0, 0.8918918918918919, 0.9090909090909092, 0.7142857142857142, 0.8518518518518519], [0.0, 0.0, 0.0, 0.0, 0.0, 0.9636363636363636, 0.95, 0.9310344827586208], [0.0, 0.0, 0.0, 0.0, 0.0, 0.0, 0.9199999999999999, 0.4444444444444444], [0.0, 0.0, 0.0, 0.0, 0.0, 0.0, 0.0, 0.8596491228070176], [0.0, 0.0, 0.0, 0.0, 0.0, 0.0, 0.0, 0.0]], "mat": [[0.0, 0.027272727272727337, 0.12413793103448278, 0.055172413793103336, 0.03370786516853941, 0.06134969325153383, 0.14864864864864868, 0.030769230769230882], [0.0, 0.0, 0.10126582278481022, -0.25316455696202533, 0.1071428571428572, 0.04123711340206193, 0.1707317073170731, -0.03100775193798455], [0.0, 0.0, 0.0, 0.5, 0.0, 0.0, 0.2857142857142858, 0.18518518518518512], [0.0, 0.0, 0.0, 0.0, -0.21621621621621623, 0.09090909090909083, 0.2857142857142858, 0.07407407407407396], [0.0, 0.0, 0.0, 0.0, 0.0, 0.036363636363636376, 0.050000000000000044, 0.02298850574712641], [0.0, 0.0, 0.0, 0.0, 0.0, 0.0, 0.0, 0.4722222222222223], [0.0, 0.0, 0.0, 0.0, 0.0, 0.0, 0.0, 0.14035087719298245], [0.0, 0.0, 0.0, 0.0, 0.0, 0.0, 0.0, 0.0]]}