{"raw": [[0.0, 0.9272727272727272, 1.0, 0.9724137931034482, 0.9887640449438202, 0.9877300613496933, 1.0, 0.9282051282051282], [0.0, 0.0, 0.9746835443037976, 0.5949367088607596, 0.5714285714285714, 1.0, 1.0, 0.8604651162790697], [0.0, 0.0, 0.0, 1.0, 0.945945945945946, 0.9090909090909092, 1.0, 1.0], [0.0, 0.0, 0.0, 0.0, 0.6756756756756757, 1.0, 1.0, 0.9259259259259258], [0.0, 0.0, 0.0, 0.0, 0.0, 1.0, 1.0, 0.9540229885057472], [0.0, 0.0, 0.0, 0.0, 0.0, 0.0, 0.9199999999999999, 0.9166666666666667], [0.0, 0.0, 0.0, 0.0, 0.0, 0.0, 0.0, 1.0], [0.0, 0.0, 0.0, 0.0, 0.0, 0.0, 0.0, 0.0]], "emb": [[0.0, 0.9181818181818182, 0.9448275862068964, 0.9448275862068964, 0.9775280898876404, 0.9509202453987731, 0.945945945945946, 0.9282051282051282], [0.0, 0.0, 0.8734177215189873, 0.8734177215189873, 0.5357142857142858, 0.9587628865979381, 0.9268292682926829, 0.9069767441860466], [0.0, 0.0, 0.0, 0.5, 0.8918918918918919, 0.9090909090909092, 0.7142857142857142, 0.8148148148148149], [0.0, 0.0, 0.0, 0.0, 0.8918918918918919, 0.9090909090909092, 0.7142857142857142, 0.8518518518518519], [0.0, 0.0, 0.0, 0.0, 0.0, 0.9636363636363636, 0.95, 0.9080459770114941], [0.0, 0.0, 0.0, 0.0, 0.0, 0.0, 0.8400000000000001, 0.13888888888888884], [0.0, 0.0, 0.0, 0.0, 0.0, 0.0, 0.0, 0.7894736842105263], [0.0, 0.0, 0.0, 0.0, 0.0, 0.0, 0.0, 0.0]], "mat": [[0.0, 0.009090909090909038, 0.05517241379310356, 0.02758620689655178, 0.011235955056179803, 0.036809815950920255, 0.054054054054053946, 0.0], [0.0, 0.0, 0.10126582278481022, -0.2784810126582278, 0.03571428571428559, 0.04123711340206193, 0.07317073170731714, -0.04651162790697683], [0.0, 0.0, 0.0, 0.5, 0.05405405405405417, 0.0, 0.2857142857142858, 0.18518518518518512], [0.0, 0.0, 0.0, 0.0, -0.21621621621621623, 0.09090909090909083, 0.2857142857142858, 0.07407407407407396], [0.0, 0.0, 0.0, 0.0, 0.0, 0.036363636363636376, 0.050000000000000044, 0.04597701149425304], [0.0, 0.0, 0.0, 0.0, 0.0, 0.0, 0.07999999999999985, 0.7777777777777779], [0.0, 0.0, 0.0, 0.0, 0.0, 0.0, 0.0, 0.21052631578947367], [0.0, 0.0, 0.0, 0.0, 0.0, 0.0, 0.0, 0.0]]}