{"raw": [[0.0, 0.5391705069124424, 1.0], [0.0, 0.0, 1.0], [0.0, 0.0, 0.0]], "emb": [[0.0, 0.46850998463901683, 1.0], [0.0, 0.0, 1.0], [0.0, 0.0, 0.0]], "mat": [[0.0, 0.07066052227342556, 0.0], [0.0, 0.0, 0.0], [0.0, 0.0, 0.0]]}