{"raw": [[0.0, 7.682739137447387e-20, NaN], [0.0, 0.0, NaN], [0.0, 0.0, 0.0]], "emb": [[0.0, 6.957701761166807e-19, NaN], [0.0, 0.0, NaN], [0.0, 0.0, 0.0]], "mat": [[0.0, -6.189427847422068e-19, 0.0], [0.0, 0.0, 0.0], [0.0, 0.0, 0.0]]}