{"raw": [[0.0, 0.5391705069124424, 1.0], [0.0, 0.0, 1.0], [0.0, 0.0, 0.0]], "emb": [[0.0, 0.3517665130568357, 1.0], [0.0, 0.0, 1.0], [0.0, 0.0, 0.0]], "mat": [[0.0, 0.1874039938556067, 0.0], [0.0, 0.0, 0.0], [0.0, 0.0, 0.0]]}