{"raw": [[0.0, 0.5391705069124424, 1.0], [0.0, 0.0, 1.0], [0.0, 0.0, 0.0]], "emb": [[0.0, 0.4070660522273426, 1.0], [0.0, 0.0, 1.0], [0.0, 0.0, 0.0]], "mat": [[0.0, 0.1321044546850998, 0.0], [0.0, 0.0, 0.0], [0.0, 0.0, 0.0]]}