{"raw": [[0.0, 0.5391705069124424, 1.0], [0.0, 0.0, 1.0], [0.0, 0.0, 0.0]], "emb": [[0.0, 0.29032258064516125, 1.0], [0.0, 0.0, 1.0], [0.0, 0.0, 0.0]], "mat": [[0.0, 0.24884792626728114, 0.0], [0.0, 0.0, 0.0], [0.0, 0.0, 0.0]]}