{"raw": [[0.0, 0.5391705069124424, 1.0], [0.0, 0.0, 1.0], [0.0, 0.0, 0.0]], "emb": [[0.0, 0.30261136712749614, 1.0], [0.0, 0.0, 1.0], [0.0, 0.0, 0.0]], "mat": [[0.0, 0.23655913978494625, 0.0], [0.0, 0.0, 0.0], [0.0, 0.0, 0.0]]}