{"raw": [[0.0, 7.682739137447387e-20, NaN], [0.0, 0.0, NaN], [0.0, 0.0, 0.0]], "emb": [[0.0, 2.0247529074294443e-19, NaN], [0.0, 0.0, NaN], [0.0, 0.0, 0.0]], "mat": [[0.0, -1.2564789936847057e-19, 0.0], [0.0, 0.0, 0.0], [0.0, 0.0, 0.0]]}