{"raw": [[0.0, 7.682739137447387e-20, NaN], [0.0, 0.0, NaN], [0.0, 0.0, 0.0]], "emb": [[0.0, 0.0, NaN], [0.0, 0.0, NaN], [0.0, 0.0, 0.0]], "mat": [[0.0, 7.682739137447387e-20, 0.0], [0.0, 0.0, 0.0], [0.0, 0.0, 0.0]]}