{"raw": [[0.0, 0.9914529914529915, 0.8755020080321285, 0.9526627218934911, 0.8015564202334631, 0.9009584664536741, 0.618104667609618, 0.3206278026905829, 0.958592132505176, 0.37119675456389456], [0.0, 0.0, 1.0, 1.0, 0.9642857142857142, 0.9880952380952381, 1.0, 0.9907834101382489, 0.9199999999999999, 1.0], [0.0, 0.0, 0.0, 0.5949367088607596, 0.5116279069767442, 0.8585858585858586, 0.7347670250896057, 0.8879310344827587, 0.6727272727272726, 0.6615384615384616], [0.0, 0.0, 0.0, 0.0, 0.5578947368421052, 0.9033816425120773, 0.8819444444444444, 0.9577167019027484, 0.90625, 0.8108108108108107], [0.0, 0.0, 0.0, 0.0, 0.0, 0.7757009345794392, 0.6745762711864407, 0.8416666666666666, 0.7464788732394365, 0.5061728395061729], [0.0, 0.0, 0.0, 0.0, 0.0, 0.0, 0.7592137592137591, 0.8141891891891893, 0.901639344262295, 0.5751295336787565], [0.0, 0.0, 0.0, 0.0, 0.0, 0.0, 0.0, 0.6523031203566121, 0.9090909090909092, 0.43795620437956195], [0.0, 0.0, 0.0, 0.0, 0.0, 0.0, 0.0, 0.0, 0.9599109131403119, 0.4596949891067539], [0.0, 0.0, 0.0, 0.0, 0.0, 0.0, 0.0, 0.0, 0.0, 0.6399999999999999], [0.0, 0.0, 0.0, 0.0, 0.0, 0.0, 0.0, 0.0, 0.0, 0.0]], "emb": [[0.0, 0.6538461538461537, 0.7991967871485943, 0.8974358974358974, 0.6964980544747081, 0.5047923322683705, 0.5785007072135786, 0.17040358744394624, 0.5693581780538302, 0.3022312373225151], [0.0, 0.0, 0.8500000000000001, 1.0, 0.75, 0.9047619047619047, 0.7028112449799198, 0.695852534562212, 0.1200000000000001, 0.6571428571428573], [0.0, 0.0, 0.0, 0.16455696202531644, 0.13953488372093026, 0.797979797979798, 0.7634408602150538, 0.8577586206896552, 0.7818181818181817, 0.6000000000000001], [0.0, 0.0, 0.0, 0.0, 0.43157894736842106, 0.8647342995169083, 0.875, 0.9154334038054968, 0.90625, 0.8108108108108107], [0.0, 0.0, 0.0, 0.0, 0.0, 0.719626168224299, 0.6271186440677967, 0.7541666666666667, 0.7183098591549295, 0.4320987654320987], [0.0, 0.0, 0.0, 0.0, 0.0, 0.0, 0.6560196560196561, 0.30067567567567566, 0.8469945355191257, 0.5544041450777202], [0.0, 0.0, 0.0, 0.0, 0.0, 0.0, 0.0, 0.6344725111441307, 0.696969696969697, 0.4014598540145986], [0.0, 0.0, 0.0, 0.0, 0.0, 0.0, 0.0, 0.0, 0.5634743875278396, 0.36383442265795196], [0.0, 0.0, 0.0, 0.0, 0.0, 0.0, 0.0, 0.0, 0.0, 0.48], [0.0, 0.0, 0.0, 0.0, 0.0, 0.0, 0.0, 0.0, 0.0, 0.0]], "mat": [[0.0, 0.33760683760683774, 0.0763052208835342, 0.05522682445759375, 0.10505836575875493, 0.39616613418530355, 0.03960396039603942, 0.15022421524663665, 0.3892339544513459, 0.06896551724137945], [0.0, 0.0, 0.1499999999999999, 0.0, 0.2142857142857142, 0.08333333333333348, 0.29718875502008024, 0.2949308755760369, 0.7999999999999998, 0.34285714285714275], [0.0, 0.0, 0.0, 0.4303797468354431, 0.37209302325581395, 0.06060606060606055, -0.028673835125448077, 0.030172413793103425, -0.10909090909090913, 0.06153846153846154], [0.0, 0.0, 0.0, 0.0, 0.12631578947368416, 0.03864734299516903, 0.00694444444444442, 0.04228329809725162, 0.0, 0.0], [0.0, 0.0, 0.0, 0.0, 0.0, 0.05607476635514019, 0.047457627118643986, 0.08749999999999991, 0.028169014084507005, 0.07407407407407418], [0.0, 0.0, 0.0, 0.0, 0.0, 0.0, 0.10319410319410305, 0.5135135135135136, 0.05464480874316924, 0.020725388601036343], [0.0, 0.0, 0.0, 0.0, 0.0, 0.0, 0.0, 0.017830609212481363, 0.21212121212121215, 0.03649635036496335], [0.0, 0.0, 0.0, 0.0, 0.0, 0.0, 0.0, 0.0, 0.3964365256124722, 0.09586056644880192], [0.0, 0.0, 0.0, 0.0, 0.0, 0.0, 0.0, 0.0, 0.0, 0.15999999999999992], [0.0, 0.0, 0.0, 0.0, 0.0, 0.0, 0.0, 0.0, 0.0, 0.0]]}