{"raw": [[0.0, 0.9914529914529915, 0.8755020080321285, 0.9526627218934911, 0.8015564202334631, 0.9009584664536741, 0.618104667609618, 0.3206278026905829, 0.958592132505176, 0.37119675456389456], [0.0, 0.0, 1.0, 1.0, 0.9642857142857142, 0.9880952380952381, 1.0, 0.9907834101382489, 0.9199999999999999, 1.0], [0.0, 0.0, 0.0, 0.5949367088607596, 0.5116279069767442, 0.8585858585858586, 0.7347670250896057, 0.8879310344827587, 0.6727272727272726, 0.6615384615384616], [0.0, 0.0, 0.0, 0.0, 0.5578947368421052, 0.9033816425120773, 0.8819444444444444, 0.9577167019027484, 0.90625, 0.8108108108108107], [0.0, 0.0, 0.0, 0.0, 0.0, 0.7757009345794392, 0.6745762711864407, 0.8416666666666666, 0.7464788732394365, 0.5061728395061729], [0.0, 0.0, 0.0, 0.0, 0.0, 0.0, 0.7592137592137591, 0.8141891891891893, 0.901639344262295, 0.5751295336787565], [0.0, 0.0, 0.0, 0.0, 0.0, 0.0, 0.0, 0.6523031203566121, 0.9090909090909092, 0.43795620437956195], [0.0, 0.0, 0.0, 0.0, 0.0, 0.0, 0.0, 0.0, 0.9599109131403119, 0.4596949891067539], [0.0, 0.0, 0.0, 0.0, 0.0, 0.0, 0.0, 0.0, 0.0, 0.6399999999999999], [0.0, 0.0, 0.0, 0.0, 0.0, 0.0, 0.0, 0.0, 0.0, 0.0]], "emb": [[0.0, 0.8888888888888888, 0.6224899598393574, 0.7317554240631163, 0.5797665369649805, 0.5463258785942493, 0.45403111739745405, 0.21748878923766823, 0.6231884057971016, 0.22515212981744415], [0.0, 0.0, 1.0, 0.9183673469387754, 0.75, 0.8809523809523809, 0.8473895582329318, 0.9124423963133641, 0.8400000000000001, 0.7142857142857142], [0.0, 0.0, 0.0, 0.4177215189873418, 0.37209302325581395, 0.707070707070707, 0.6057347670250897, 0.7025862068965518, 0.709090909090909, 0.5384615384615385], [0.0, 0.0, 0.0, 0.0, 0.49473684210526314, 0.78743961352657, 0.6666666666666667, 0.7843551797040169, 0.875, 0.7567567567567568], [0.0, 0.0, 0.0, 0.0, 0.0, 0.691588785046729, 0.5728813559322035, 0.6166666666666667, 0.6056338028169015, 0.5308641975308641], [0.0, 0.0, 0.0, 0.0, 0.0, 0.0, 0.6265356265356266, 0.6081081081081081, 0.6502732240437159, 0.544041450777202], [0.0, 0.0, 0.0, 0.0, 0.0, 0.0, 0.0, 0.5482912332838039, 0.5303030303030303, 0.33576642335766427], [0.0, 0.0, 0.0, 0.0, 0.0, 0.0, 0.0, 0.0, 0.6302895322939865, 0.34204793028322444], [0.0, 0.0, 0.0, 0.0, 0.0, 0.0, 0.0, 0.0, 0.0, 0.32000000000000006], [0.0, 0.0, 0.0, 0.0, 0.0, 0.0, 0.0, 0.0, 0.0, 0.0]], "mat": [[0.0, 0.10256410256410264, 0.2530120481927711, 0.22090729783037477, 0.2217898832684826, 0.35463258785942475, 0.16407355021216397, 0.10313901345291465, 0.3354037267080745, 0.1460446247464504], [0.0, 0.0, 0.0, 0.08163265306122458, 0.2142857142857142, 0.1071428571428572, 0.15261044176706817, 0.07834101382488479, 0.07999999999999985, 0.2857142857142858], [0.0, 0.0, 0.0, 0.17721518987341778, 0.13953488372093026, 0.1515151515151516, 0.12903225806451601, 0.18534482758620685, -0.036363636363636376, 0.12307692307692308], [0.0, 0.0, 0.0, 0.0, 0.06315789473684208, 0.11594202898550732, 0.21527777777777768, 0.17336152219873147, 0.03125, 0.054054054054053946], [0.0, 0.0, 0.0, 0.0, 0.0, 0.08411214953271018, 0.10169491525423724, 0.22499999999999987, 0.14084507042253502, -0.024691358024691246], [0.0, 0.0, 0.0, 0.0, 0.0, 0.0, 0.13267813267813255, 0.20608108108108114, 0.25136612021857907, 0.031088082901554515], [0.0, 0.0, 0.0, 0.0, 0.0, 0.0, 0.0, 0.10401188707280817, 0.3787878787878789, 0.10218978102189769], [0.0, 0.0, 0.0, 0.0, 0.0, 0.0, 0.0, 0.0, 0.3296213808463253, 0.11764705882352944], [0.0, 0.0, 0.0, 0.0, 0.0, 0.0, 0.0, 0.0, 0.0, 0.31999999999999984], [0.0, 0.0, 0.0, 0.0, 0.0, 0.0, 0.0, 0.0, 0.0, 0.0]]}