{"raw": [[0.0, 0.9914529914529915, 0.8755020080321285, 0.9526627218934911, 0.8015564202334631, 0.9009584664536741, 0.618104667609618, 0.3206278026905829, 0.958592132505176, 0.37119675456389456], [0.0, 0.0, 1.0, 1.0, 0.9642857142857142, 0.9880952380952381, 1.0, 0.9907834101382489, 0.9199999999999999, 1.0], [0.0, 0.0, 0.0, 0.5949367088607596, 0.5116279069767442, 0.8585858585858586, 0.7347670250896057, 0.8879310344827587, 0.6727272727272726, 0.6615384615384616], [0.0, 0.0, 0.0, 0.0, 0.5578947368421052, 0.9033816425120773, 0.8819444444444444, 0.9577167019027484, 0.90625, 0.8108108108108107], [0.0, 0.0, 0.0, 0.0, 0.0, 0.7757009345794392, 0.6745762711864407, 0.8416666666666666, 0.7464788732394365, 0.5061728395061729], [0.0, 0.0, 0.0, 0.0, 0.0, 0.0, 0.7592137592137591, 0.8141891891891893, 0.901639344262295, 0.5751295336787565], [0.0, 0.0, 0.0, 0.0, 0.0, 0.0, 0.0, 0.6523031203566121, 0.9090909090909092, 0.43795620437956195], [0.0, 0.0, 0.0, 0.0, 0.0, 0.0, 0.0, 0.0, 0.9599109131403119, 0.4596949891067539], [0.0, 0.0, 0.0, 0.0, 0.0, 0.0, 0.0, 0.0, 0.0, 0.6399999999999999], [0.0, 0.0, 0.0, 0.0, 0.0, 0.0, 0.0, 0.0, 0.0, 0.0]], "emb": [[0.0, 0.9572649572649572, 0.6907630522088353, 0.806706114398422, 0.5525291828793775, 0.5175718849840256, 0.5558698727015559, 0.15919282511210753, 0.9544513457556936, 0.18864097363083165], [0.0, 0.0, 1.0, 1.0, 0.9642857142857142, 0.8214285714285714, 0.9919678714859437, 0.967741935483871, 0.52, 0.8285714285714285], [0.0, 0.0, 0.0, 0.1898734177215189, 0.023255813953488413, 0.7878787878787878, 0.6702508960573477, 0.7025862068965518, 0.6727272727272726, 0.5384615384615385], [0.0, 0.0, 0.0, 0.0, 0.34736842105263155, 0.826086956521739, 0.75, 0.8012684989429175, 0.71875, 0.7297297297297298], [0.0, 0.0, 0.0, 0.0, 0.0, 0.7383177570093458, 0.5864406779661018, 0.6333333333333333, 0.7183098591549295, 0.4814814814814814], [0.0, 0.0, 0.0, 0.0, 0.0, 0.0, 0.7444717444717446, 0.5202702702702702, 0.901639344262295, 0.5233160621761659], [0.0, 0.0, 0.0, 0.0, 0.0, 0.0, 0.0, 0.6285289747399703, 0.9090909090909092, 0.416058394160584], [0.0, 0.0, 0.0, 0.0, 0.0, 0.0, 0.0, 0.0, 0.9376391982182628, 0.33769063180827885], [0.0, 0.0, 0.0, 0.0, 0.0, 0.0, 0.0, 0.0, 0.0, 0.6399999999999999], [0.0, 0.0, 0.0, 0.0, 0.0, 0.0, 0.0, 0.0, 0.0, 0.0]], "mat": [[0.0, 0.03418803418803429, 0.18473895582329325, 0.1459566074950691, 0.2490272373540856, 0.38338658146964844, 0.06223479490806216, 0.16143497757847536, 0.0041407867494824835, 0.1825557809330629], [0.0, 0.0, 0.0, 0.0, 0.0, 0.16666666666666674, 0.008032128514056325, 0.02304147465437789, 0.3999999999999999, 0.17142857142857149], [0.0, 0.0, 0.0, 0.40506329113924067, 0.4883720930232558, 0.07070707070707072, 0.06451612903225801, 0.18534482758620685, 0.0, 0.12307692307692308], [0.0, 0.0, 0.0, 0.0, 0.21052631578947367, 0.07729468599033829, 0.13194444444444442, 0.15644820295983086, 0.1875, 0.08108108108108092], [0.0, 0.0, 0.0, 0.0, 0.0, 0.03738317757009346, 0.08813559322033893, 0.20833333333333326, 0.028169014084507005, 0.024691358024691468], [0.0, 0.0, 0.0, 0.0, 0.0, 0.0, 0.014742014742014531, 0.2939189189189191, 0.0, 0.051813471502590636], [0.0, 0.0, 0.0, 0.0, 0.0, 0.0, 0.0, 0.023774145616641817, 0.0, 0.021897810218977964], [0.0, 0.0, 0.0, 0.0, 0.0, 0.0, 0.0, 0.0, 0.022271714922049046, 0.12200435729847503], [0.0, 0.0, 0.0, 0.0, 0.0, 0.0, 0.0, 0.0, 0.0, 0.0], [0.0, 0.0, 0.0, 0.0, 0.0, 0.0, 0.0, 0.0, 0.0, 0.0]]}