{"raw": [[0.0, 0.9914529914529915, 0.8755020080321285, 0.9526627218934911, 0.8015564202334631, 0.9009584664536741, 0.618104667609618, 0.3206278026905829, 0.958592132505176, 0.37119675456389456], [0.0, 0.0, 1.0, 1.0, 0.9642857142857142, 0.9880952380952381, 1.0, 0.9907834101382489, 0.9199999999999999, 1.0], [0.0, 0.0, 0.0, 0.5949367088607596, 0.5116279069767442, 0.8585858585858586, 0.7347670250896057, 0.8879310344827587, 0.6727272727272726, 0.6615384615384616], [0.0, 0.0, 0.0, 0.0, 0.5578947368421052, 0.9033816425120773, 0.8819444444444444, 0.9577167019027484, 0.90625, 0.8108108108108107], [0.0, 0.0, 0.0, 0.0, 0.0, 0.7757009345794392, 0.6745762711864407, 0.8416666666666666, 0.7464788732394365, 0.5061728395061729], [0.0, 0.0, 0.0, 0.0, 0.0, 0.0, 0.7592137592137591, 0.8141891891891893, 0.901639344262295, 0.5751295336787565], [0.0, 0.0, 0.0, 0.0, 0.0, 0.0, 0.0, 0.6523031203566121, 0.9090909090909092, 0.43795620437956195], [0.0, 0.0, 0.0, 0.0, 0.0, 0.0, 0.0, 0.0, 0.9599109131403119, 0.4596949891067539], [0.0, 0.0, 0.0, 0.0, 0.0, 0.0, 0.0, 0.0, 0.0, 0.6399999999999999], [0.0, 0.0, 0.0, 0.0, 0.0, 0.0, 0.0, 0.0, 0.0, 0.0]], "emb": [[0.0, 0.9529914529914529, 0.8634538152610443, 0.9447731755424063, 0.7704280155642023, -0.025559105431309903, 0.6067892503536068, 0.13004484304932729, 0.23395445134575565, 0.34685598377281956], [0.0, 0.0, 0.19999999999999996, 0.3877551020408163, 0.3571428571428572, 0.9166666666666667, 0.8634538152610443, 0.9539170506912442, 0.76, 0.6571428571428573], [0.0, 0.0, 0.0, 0.240506329113924, 0.2558139534883721, 0.8181818181818181, 0.7060931899641576, 0.8879310344827587, 0.6727272727272726, 0.6000000000000001], [0.0, 0.0, 0.0, 0.0, 0.5157894736842106, 0.9130434782608696, 0.8541666666666667, 0.9534883720930232, 0.90625, 0.7837837837837838], [0.0, 0.0, 0.0, 0.0, 0.0, 0.719626168224299, 0.6203389830508474, 0.7666666666666666, 0.5774647887323943, 0.4814814814814814], [0.0, 0.0, 0.0, 0.0, 0.0, 0.0, 0.597051597051597, 0.17229729729729737, 0.33333333333333326, 0.2642487046632125], [0.0, 0.0, 0.0, 0.0, 0.0, 0.0, 0.0, 0.6344725111441307, 0.3257575757575757, 0.43065693430656937], [0.0, 0.0, 0.0, 0.0, 0.0, 0.0, 0.0, 0.0, 0.24276169265033398, 0.40305010893246185], [0.0, 0.0, 0.0, 0.0, 0.0, 0.0, 0.0, 0.0, 0.0, 0.15999999999999992], [0.0, 0.0, 0.0, 0.0, 0.0, 0.0, 0.0, 0.0, 0.0, 0.0]], "mat": [[0.0, 0.03846153846153855, 0.012048192771084265, 0.007889546351084853, 0.031128404669260812, 0.926517571884984, 0.011315417256011262, 0.1905829596412556, 0.7246376811594204, 0.024340770791074995], [0.0, 0.0, 0.8, 0.6122448979591837, 0.607142857142857, 0.0714285714285714, 0.13654618473895574, 0.03686635944700467, 0.15999999999999992, 0.34285714285714275], [0.0, 0.0, 0.0, 0.35443037974683556, 0.2558139534883721, 0.04040404040404044, 0.028673835125448077, 0.0, 0.0, 0.06153846153846154], [0.0, 0.0, 0.0, 0.0, 0.042105263157894646, -0.009661835748792313, 0.02777777777777768, 0.0042283298097252064, 0.0, 0.027027027027026973], [0.0, 0.0, 0.0, 0.0, 0.0, 0.05607476635514019, 0.05423728813559325, 0.07499999999999996, 0.16901408450704225, 0.024691358024691468], [0.0, 0.0, 0.0, 0.0, 0.0, 0.0, 0.16216216216216206, 0.6418918918918919, 0.5683060109289617, 0.31088082901554404], [0.0, 0.0, 0.0, 0.0, 0.0, 0.0, 0.0, 0.017830609212481363, 0.5833333333333335, 0.007299270072992581], [0.0, 0.0, 0.0, 0.0, 0.0, 0.0, 0.0, 0.0, 0.7171492204899779, 0.056644880174292034], [0.0, 0.0, 0.0, 0.0, 0.0, 0.0, 0.0, 0.0, 0.0, 0.48], [0.0, 0.0, 0.0, 0.0, 0.0, 0.0, 0.0, 0.0, 0.0, 0.0]]}