{"raw": [[0.0, 0.7596271920009078, 0.6002504865195952, 0.7665199854800847, 0.5569422487987484, 0.549460995487481, 0.5142264629826856, 0.29064621303032984, 0.6503756186805678, 0.1145138192100338], [0.0, 0.0, 0.8654113260031375, 0.819576574071565, 0.8083806914301276, 0.944429468330831, 0.782537805127226, 0.8659801871468296, 0.9490351199508867, 0.9335949935361151], [0.0, 0.0, 0.0, 0.48639165017207336, 0.38887270217756775, 0.8680946977261131, 0.6031324143897328, 0.7267000534047985, 0.8284449124396396, 0.8024083857704646], [0.0, 0.0, 0.0, 0.0, 0.46834093818367223, 0.9087431615841041, 0.7630003894194997, 0.8414732242319779, 0.830711957166174, 0.8334114096493724], [0.0, 0.0, 0.0, 0.0, 0.0, 0.7769414939807563, 0.5683075663090799, 0.6799564853338912, 0.7972254219235559, 0.5105613980981052], [0.0, 0.0, 0.0, 0.0, 0.0, 0.0, 0.738770896989636, 0.5379534430249496, 0.797353010187255, 0.4083388981123956], [0.0, 0.0, 0.0, 0.0, 0.0, 0.0, 0.0, 0.6696055538953307, 0.7383109387605847, 0.3713575168384075], [0.0, 0.0, 0.0, 0.0, 0.0, 0.0, 0.0, 0.0, 0.7398560685259257, 0.21435749126048625], [0.0, 0.0, 0.0, 0.0, 0.0, 0.0, 0.0, 0.0, 0.0, 0.7487487476392202], [0.0, 0.0, 0.0, 0.0, 0.0, 0.0, 0.0, 0.0, 0.0, 0.0]], "emb": [[0.0, 0.8130016482116862, 0.7997106572782096, 0.8745401393848407, 0.7126520691263974, 0.3194844579564169, 0.591899774409103, 0.26514451666765243, 0.3050433441656548, 0.15254517338022186], [0.0, 0.0, 0.11858776654145908, 0.21387131499672102, 0.3090269489590799, 0.9395327113632388, 0.8106169117344596, 0.8686155402757186, 0.6960709427566037, 0.830632163521142], [0.0, 0.0, 0.0, 0.31524294682121473, 0.29182151994154826, 0.886258709227808, 0.7388149146542365, 0.8361507158837446, 0.8284470425727825, 0.8018477605516551], [0.0, 0.0, 0.0, 0.0, 0.6523242660080966, 0.9447598083340175, 0.8840477768554316, 0.8897292649492163, 0.8811908993928697, 0.9209610532189055], [0.0, 0.0, 0.0, 0.0, 0.0, 0.8407144175686642, 0.6053648561121834, 0.7773094440125224, 0.6371703524942086, 0.5605129344482789], [0.0, 0.0, 0.0, 0.0, 0.0, 0.0, 0.8395553676919563, 0.23431370561307474, 0.26036406640896104, 0.4737617078472071], [0.0, 0.0, 0.0, 0.0, 0.0, 0.0, 0.0, 0.7877090632586555, 0.7949147170074343, 0.25663799005662985], [0.0, 0.0, 0.0, 0.0, 0.0, 0.0, 0.0, 0.0, 0.3265232413325476, 0.3015108903607283], [0.0, 0.0, 0.0, 0.0, 0.0, 0.0, 0.0, 0.0, 0.0, 0.14376909483158562], [0.0, 0.0, 0.0, 0.0, 0.0, 0.0, 0.0, 0.0, 0.0, 0.0]], "mat": [[0.0, -0.05337445621077841, -0.19946017075861433, -0.10802015390475594, -0.15570982032764902, 0.22997653753106406, -0.07767331142641742, 0.025501696362677406, 0.345332274514913, -0.03803135417018806], [0.0, 0.0, 0.7468235594616784, 0.605705259074844, 0.4993537424710477, 0.004896756967592175, -0.02807910660723356, -0.002635353128889073, 0.252964177194283, 0.10296283001497308], [0.0, 0.0, 0.0, 0.17114870335085863, 0.0970511822360195, -0.018164011501694888, -0.1356825002645038, -0.10945066247894608, -2.1301331428746906e-06, 0.0005606252188095073], [0.0, 0.0, 0.0, 0.0, -0.18398332782442434, -0.03601664674991345, -0.12104738743593191, -0.048256040717238435, -0.05047894222669569, -0.0875496435695331], [0.0, 0.0, 0.0, 0.0, 0.0, -0.06377292358790787, -0.03705728980310352, -0.09735295867863125, 0.16005506942934733, -0.049951536350173686], [0.0, 0.0, 0.0, 0.0, 0.0, 0.0, -0.10078447070232022, 0.3036397374118749, 0.536988943778294, -0.06542280973481152], [0.0, 0.0, 0.0, 0.0, 0.0, 0.0, 0.0, -0.11810350936332481, -0.05660377824684959, 0.11471952678177766], [0.0, 0.0, 0.0, 0.0, 0.0, 0.0, 0.0, 0.0, 0.41333282719337805, -0.08715339910024206], [0.0, 0.0, 0.0, 0.0, 0.0, 0.0, 0.0, 0.0, 0.0, 0.6049796528076345], [0.0, 0.0, 0.0, 0.0, 0.0, 0.0, 0.0, 0.0, 0.0, 0.0]]}