{"tnc": 0.9725580297216997, "kl_divergence": 0.015762744662705833}