{"tnc": 0.9760918008006476, "kl_divergence": 0.011205857167402947}