{"tnc": 0.9742946465401114, "kl_divergence": 0.012279127288766241}