{"tnc": 0.9422583565020292, "kl_divergence": 0.020729528625402668}