{"tnc": 0.8727781689542471, "kl_divergence": 0.04028285844792767}