{"tnc": 0.9747574991576795, "kl_divergence": 0.013141388373789982}