{"tnc": 0.841222920729092, "kl_divergence": 0.03291308264627564}