{"tnc": 0.9709907114806622, "kl_divergence": 0.013690120375696741}