{"tnc": 0.9742464155172208, "kl_divergence": 0.011419068641708354}