{"tnc": 0.9718515576927476, "kl_divergence": 0.013011813026349683}