{"tnc": 0.9784849095925159, "kl_divergence": 0.014464741224646464}