{"tnc": 0.9709836098021538, "kl_divergence": 0.011359530786470881}