{"tnc": 0.9772613470517906, "kl_divergence": 0.01119982848001082}