{"tnc": 0.9718161263516278, "kl_divergence": 0.01300950746480855}