{"tnc": 0.971547304178588, "kl_divergence": 0.015818464012419604}