{"tnc": 0.9770515605930846, "kl_divergence": 0.011319449247060466}