{"tnc": 0.9729664990044226, "kl_divergence": 0.011114383380489987}