{"tnc": 0.969689499469139, "kl_divergence": 0.011253596237333808}