{"tnc": 0.9736570066140247, "kl_divergence": 0.012870285558681829}