{"tnc": 0.9688993984677822, "kl_divergence": 0.017573999343704755}