{"tnc": 0.974501490267824, "kl_divergence": 0.01138902126123998}