{"tnc": 0.9288556807073679, "kl_divergence": 0.026867562525203115}