{"tnc": 0.9721303002259036, "kl_divergence": 0.013182718638381432}