{"tnc": 0.9038101160069238, "kl_divergence": 0.03235158992298894}