{"tnc": 0.8481558669102006, "kl_divergence": 0.03518376352408243}