{"tnc": 0.9672249837671902, "kl_divergence": 0.015045843855276474}