{"tnc": 0.9876169273011802, "kl_divergence": 0.020893588646942057}