{"tnc": 0.9911412792357628, "kl_divergence": 0.0024425351915589666}