{"tnc": 0.9919832186388372, "kl_divergence": 0.0023824719080258044}