{"tnc": 0.9935050014131873, "kl_divergence": 0.005638227536997286}