{"tnc": 0.9921527114771341, "kl_divergence": 0.004884608048265244}