{"tnc": 0.9889774818547363, "kl_divergence": 0.014525730313979308}