{"tnc": 0.993445699617275, "kl_divergence": 0.008850135028618374}