{"tnc": 0.9929799167290657, "kl_divergence": 0.0024610328547144105}