{"tnc": 0.993034037180699, "kl_divergence": 0.002227335257654552}