{"tnc": 0.8373386780044954, "kl_divergence": 0.06569038585877696}