{"tnc": 0.7948168498742043, "kl_divergence": 0.07370602724358997}