{"tnc": 0.9824147188123828, "kl_divergence": 0.026075905862026252}