{"tnc": 0.9933155800487272, "kl_divergence": 0.005076673117325008}