{"tnc": 0.9921752682724068, "kl_divergence": 0.0023660109147005228}