{"tnc": 0.9715701908380447, "kl_divergence": 0.031482010001798}