{"tnc": 0.9932762796318055, "kl_divergence": 0.005519951418668779}