{"tnc": 0.9835073304422207, "kl_divergence": 0.03081088525237539}