{"tnc": 0.9278451778468668, "kl_divergence": 0.03749718400457512}