{"tnc": 0.9921071140934745, "kl_divergence": 0.012873976774234148}