{"tnc": 0.7842213867953151, "kl_divergence": 0.06786371139923955}