{"tnc": 0.9930527420646549, "kl_divergence": 0.002414494520319323}