{"tnc": 0.9935861534463736, "kl_divergence": 0.005668167967585298}