{"tnc": 0.9764785816023408, "kl_divergence": 0.03365120076268022}