{"tnc": 0.9929135311846851, "kl_divergence": 0.005220722514557539}