{"tnc": 0.9928566024021453, "kl_divergence": 0.005528413357799821}