{"tnc": 0.9934537852303238, "kl_divergence": 0.009024927836788918}