{"tnc": 0.9926883299708469, "kl_divergence": 0.0135245650646856}