{"tnc": 0.992885565289715, "kl_divergence": 0.002476658459351821}