{"tnc": 0.8148734946910202, "kl_divergence": 0.0681019059261199}