{"tnc": 0.9097445493808879, "kl_divergence": 0.051862498210357044}