{"tnc": 0.7526269563356403, "kl_divergence": 0.05716288133107929}