{"tnc": 0.7434491772018629, "kl_divergence": 0.05852822430934236}