{"tnc": 0.7604032804334979, "kl_divergence": 0.08792567948782455}