{"tnc": 0.7576880234303724, "kl_divergence": 0.07811781355735825}