{"tnc": 0.7582988395094985, "kl_divergence": 0.06430360599806303}