{"tnc": 0.7572132323080795, "kl_divergence": 0.06983155189634205}