{"tnc": 0.7431784592185381, "kl_divergence": 0.08862796101979996}