{"tnc": 0.7549596934525049, "kl_divergence": 0.0563882994849858}