{"tnc": 0.7239796486269243, "kl_divergence": 0.09136374320890106}