{"tnc": 0.7102531353821404, "kl_divergence": 0.09593640444497753}