{"tnc": 0.7673653834867954, "kl_divergence": 0.07654749411639669}