{"tnc": 0.7611621482873308, "kl_divergence": 0.06949790659394096}