{"tnc": 0.655188033805788, "kl_divergence": 0.11182041390016997}