{"tnc": 0.7604595160030253, "kl_divergence": 0.07846690947834024}