{"tnc": 0.7413059631924348, "kl_divergence": 0.04868414755325785}