{"tnc": 0.7640421836730709, "kl_divergence": 0.07725155129374825}