{"tnc": 0.7594591236542562, "kl_divergence": 0.07720057828846155}