{"tnc": 0.7460764096546736, "kl_divergence": 0.05735554557950434}