{"tnc": 0.6745423634604508, "kl_divergence": 0.10818935363582051}