{"tnc": 0.7417347445348617, "kl_divergence": 0.05853622726518856}