{"tnc": 0.7502545202166807, "kl_divergence": 0.05710796241099611}