{"tnc": 0.6757316253116936, "kl_divergence": 0.11763356074252446}