{"tnc": 0.7539109523379576, "kl_divergence": 0.06501795885138742}