{"tnc": 0.7450799656860437, "kl_divergence": 0.057686407573865985}