{"tnc": 0.7568074387452889, "kl_divergence": 0.06519103687057852}