{"tnc": 0.749614941061023, "kl_divergence": 0.05633505211543814}