{"tnc": 0.68459220869881, "kl_divergence": 0.11029914001437881}