{"tnc": 0.6512436128691085, "kl_divergence": 0.11603529921237647}