{"tnc": 0.7545033689882624, "kl_divergence": 0.062411669085770255}