{"tnc": 0.7481301068687589, "kl_divergence": 0.05587409152004044}