{"tnc": 0.9596903294449706, "kl_divergence": 0.13876065679092986}