{"tnc": 0.9544701167407746, "kl_divergence": 0.11393814551759873}