{"tnc": 0.9536576566872409, "kl_divergence": 0.13271740363436843}