{"tnc": 0.9465973166857521, "kl_divergence": 0.13014527681429047}