{"tnc": 0.9467498290810444, "kl_divergence": 0.13008987565931052}