{"tnc": 0.9618159925373725, "kl_divergence": 0.1303540126976981}