{"tnc": 0.9564318844746535, "kl_divergence": 0.12536951838475313}