{"tnc": 0.9547330195035302, "kl_divergence": 0.14884280045723677}