{"tnc": 0.768847890743868, "kl_divergence": 0.12474848703814481}