{"tnc": 0.9510762388211744, "kl_divergence": 0.14404294121972103}