{"tnc": 0.9551195339234451, "kl_divergence": 0.12724784754562296}