{"tnc": 0.9597623971599306, "kl_divergence": 0.1223077872315935}