{"tnc": 0.9558883698441074, "kl_divergence": 0.12200687475316549}