{"tnc": 0.8412828754550398, "kl_divergence": 0.11726216966321698}