{"tnc": 0.9062424673421945, "kl_divergence": 0.10727393274809431}