{"tnc": 0.9547724170170299, "kl_divergence": 0.11444278338393798}