{"tnc": 0.8474778461426483, "kl_divergence": 0.12293405264281262}