{"tnc": 0.954010702078341, "kl_divergence": 0.12239388755126324}