{"tnc": 0.9547279802477104, "kl_divergence": 0.10717125942385992}