{"tnc": 0.954874658895869, "kl_divergence": 0.11441903890680374}