{"tnc": 0.9471482953900969, "kl_divergence": 0.1313887483090938}