{"tnc": 0.9528074082372059, "kl_divergence": 0.12931954532077664}