{"tnc": 0.9398096520595399, "kl_divergence": 0.12702914185016362}