{"tnc": 0.9535656358673256, "kl_divergence": 0.13259140444559922}