{"tnc": 0.9616165366303011, "kl_divergence": 0.13429934207286937}