{"tnc": 0.9544500780173701, "kl_divergence": 0.11451214787344906}