{"tnc": 0.7891848288248171, "kl_divergence": 0.11559953393108512}