{"tnc": 0.9552207145951166, "kl_divergence": 0.15079553141709134}