{"tnc": 0.9470367019402685, "kl_divergence": 0.1300858379837737}