{"tnc": 0.9601361382883059, "kl_divergence": 0.14443899699579094}