{"tnc": 0.7283793846958335, "kl_divergence": 0.038698341801954556}