{"tnc": 0.7350410413708816, "kl_divergence": 0.03507007581477431}