{"tnc": 0.737093434087636, "kl_divergence": 0.0351871911742748}