{"tnc": 0.7337897586407006, "kl_divergence": 0.03656153471725877}