{"tnc": 0.7329309180067102, "kl_divergence": 0.03270427805374662}