{"tnc": 0.722706419779032, "kl_divergence": 0.03183664036934268}