{"tnc": 0.7319597074191119, "kl_divergence": 0.034316286937246004}