{"tnc": 0.7345909373847567, "kl_divergence": 0.034822339135311846}