{"tnc": 0.7306122887784575, "kl_divergence": 0.03718482713278293}