{"tnc": 0.6734565878024961, "kl_divergence": 0.04514316644783588}