{"tnc": 0.7303283119108224, "kl_divergence": 0.03407678871069323}