{"tnc": 0.6449817769849271, "kl_divergence": 0.05182385852345597}