{"tnc": 0.6684531883952561, "kl_divergence": 0.04860804875475616}