{"tnc": 0.7374076598840116, "kl_divergence": 0.03582196730036017}