{"tnc": 0.7344593740281081, "kl_divergence": 0.03601632769547396}