{"tnc": 0.7277553783258226, "kl_divergence": 0.03655544313935065}