{"tnc": 0.7359455291878207, "kl_divergence": 0.03887328029117518}