{"tnc": 0.7298468341104706, "kl_divergence": 0.0340781935752042}