{"tnc": 0.7212820107057911, "kl_divergence": 0.038202518001545185}