{"tnc": 0.7301238964549548, "kl_divergence": 0.03352400526941963}