{"tnc": 0.6738459806444285, "kl_divergence": 0.0502590416073629}