{"tnc": 0.6668525391092224, "kl_divergence": 0.04947163305820847}