{"tnc": 0.7376276090911652, "kl_divergence": 0.03191011848093989}