{"tnc": 0.693077522469526, "kl_divergence": 0.043336724907176695}