{"tnc": 0.7260463419337644, "kl_divergence": 0.03756036979653948}