{"tnc": 0.736348625171503, "kl_divergence": 0.034722608503693894}