{"tnc": 0.7312516765844251, "kl_divergence": 0.04065028104621063}