{"tnc": 0.7323484029146357, "kl_divergence": 0.0377637055964896}