{"tnc": 0.7332788637465717, "kl_divergence": 0.03476367136375565}