{"tnc": 0.6694534451631965, "kl_divergence": 0.044679323974525925}