{"tnc": 0.715225386106149, "kl_divergence": 0.04029161886304876}