{"tnc": 0.7211319575833028, "kl_divergence": 0.06287899463766919}