{"tnc": 0.8145329134370872, "kl_divergence": 0.024610259362172066}