{"tnc": 0.7544900884799461, "kl_divergence": 0.056087173398430404}