{"tnc": 0.7715855910214464, "kl_divergence": 0.048088313944813575}