{"tnc": 0.8216041434406322, "kl_divergence": 0.041727933965759835}