{"tnc": 0.7587709384180834, "kl_divergence": 0.05832143690861384}