{"tnc": 0.8149212813609911, "kl_divergence": 0.024391855190229583}