{"tnc": 0.8156196802637732, "kl_divergence": 0.027982316214698655}