{"tnc": 0.8196599760817743, "kl_divergence": 0.04212249236416921}