{"tnc": 0.8150456342795996, "kl_divergence": 0.02878452201385014}