{"tnc": 0.8219905331909438, "kl_divergence": 0.035264198912417936}