{"tnc": 0.8148676049064121, "kl_divergence": 0.024633298308939462}