{"tnc": 0.8175922334634559, "kl_divergence": 0.0289742902845295}