{"tnc": 0.8188005016476713, "kl_divergence": 0.030344878781454514}