{"tnc": 0.8136695480251238, "kl_divergence": 0.024381145776855823}