{"tnc": 0.7609441153452633, "kl_divergence": 0.05377626860699478}