{"tnc": 0.820074830563049, "kl_divergence": 0.02997842048133199}