{"tnc": 0.8144980491958633, "kl_divergence": 0.024324532019277378}