{"tnc": 0.8156763213602577, "kl_divergence": 0.028278262425941194}