{"tnc": 0.8145312031061649, "kl_divergence": 0.02353108060458864}