{"tnc": 0.8164515807698619, "kl_divergence": 0.029012295338330156}