{"tnc": 0.8178902359917684, "kl_divergence": 0.04261701475333337}