{"tnc": 0.823842834566306, "kl_divergence": 0.03338316888232274}