{"tnc": 0.6739999350420849, "kl_divergence": 0.06737497007740638}