{"tnc": 0.8158490845767595, "kl_divergence": 0.02798683163825532}