{"tnc": 0.820078990693291, "kl_divergence": 0.03631917310976595}