{"tnc": 0.7995996232204066, "kl_divergence": 0.04067950925253698}