{"tnc": 0.8200345134010827, "kl_divergence": 0.0362428361750994}