{"tnc": 0.8204247387578861, "kl_divergence": 0.03933910766360458}