{"tnc": 0.8240779178087395, "kl_divergence": 0.83624148151239}