{"tnc": 0.7680871357769827, "kl_divergence": 0.8376211420398738}