{"tnc": 0.8115233978156805, "kl_divergence": 0.7943970591189106}