{"tnc": 0.8050406570246346, "kl_divergence": 0.8085348666815009}