{"tnc": 0.8022181860710788, "kl_divergence": 0.7863215536270214}