{"tnc": 0.783827072707777, "kl_divergence": 0.7708488220387046}