{"tnc": 0.8173685190007326, "kl_divergence": 1.0611184489728918}