{"tnc": 0.8150089066070423, "kl_divergence": 0.8403199518867436}