{"tnc": 0.7414352010493688, "kl_divergence": 0.8453162459002036}