{"tnc": 0.8017603605940231, "kl_divergence": 0.8396685520731926}