{"tnc": 0.8212102879867305, "kl_divergence": 1.0237655289109462}