{"tnc": 0.8185344939720802, "kl_divergence": 1.00742686297462}