{"tnc": 0.829541979797814, "kl_divergence": 0.8634325023211165}