{"tnc": 0.7872915792915819, "kl_divergence": 0.8270483037932979}