{"tnc": 0.8267922632241013, "kl_divergence": 0.9749723088464186}