{"tnc": 0.8187719881132317, "kl_divergence": 1.033356059969409}