{"tnc": 0.8242847128920268, "kl_divergence": 1.030914343530589}