{"tnc": 0.7664495590894195, "kl_divergence": 0.8528961446743243}