{"tnc": 0.8293335995655201, "kl_divergence": 0.8245045660118023}