{"tnc": 0.8190112977018759, "kl_divergence": 1.076925010073884}