{"tnc": 0.7530650878555557, "kl_divergence": 0.7989288235679415}