{"tnc": 0.7544551474966186, "kl_divergence": 0.8444983198404765}