{"tnc": 0.8280079111380236, "kl_divergence": 1.032953016662962}