{"tnc": 0.8147847005885621, "kl_divergence": 1.020309903535964}