{"tnc": 0.8117954764406489, "kl_divergence": 0.9060026128268787}