{"tnc": 0.823287291964896, "kl_divergence": 0.9582545054582732}