{"tnc": 0.836347349084864, "kl_divergence": 0.8400537972217306}