{"tnc": 0.8165677365349747, "kl_divergence": 1.0419715000328695}