{"tnc": 0.766858260332649, "kl_divergence": 0.8971506291196838}