{"tnc": 0.8202780864336957, "kl_divergence": 1.0300597849018465}