{"tnc": 0.8208229056590408, "kl_divergence": 1.0238124785447138}