{"tnc": 0.6053700187935891, "kl_divergence": 0.12311062488891085}