{"tnc": 0.6016648738847161, "kl_divergence": 0.13330874443126753}