{"tnc": 0.5838635524401095, "kl_divergence": 0.11866335245795168}