{"tnc": 0.5940857751505749, "kl_divergence": 0.11941373516242988}