{"tnc": 0.6067391757605495, "kl_divergence": 0.14057340096413756}