{"tnc": 0.6004725006738657, "kl_divergence": 0.12394751147103558}