{"tnc": 0.6082722254793209, "kl_divergence": 0.12391064630820155}