{"tnc": 0.5722185004832222, "kl_divergence": 0.12473555913540925}