{"tnc": 0.5980725668191285, "kl_divergence": 0.1218940488180272}