{"tnc": 0.5510895065808914, "kl_divergence": 0.13079978523296823}