{"tnc": 0.6137406390373988, "kl_divergence": 0.13108679526159714}