{"tnc": 0.5542986937573539, "kl_divergence": 0.13019893999395696}