{"tnc": 0.5909349987640543, "kl_divergence": 0.127302850324488}