{"tnc": 0.5784373946026753, "kl_divergence": 0.12646319891300245}