{"tnc": 0.6064257597231635, "kl_divergence": 0.13492079179812738}