{"tnc": 0.6068952405217343, "kl_divergence": 0.12309546473707528}