{"tnc": 0.5807156508665272, "kl_divergence": 0.11794976786630362}