{"tnc": 0.6078654669554204, "kl_divergence": 0.14061631081930928}