{"tnc": 0.6067435557337816, "kl_divergence": 0.12359409764873948}