{"tnc": 0.5941623899669413, "kl_divergence": 0.11973692842746336}