{"tnc": 0.6088344716386954, "kl_divergence": 0.12772956618898373}