{"tnc": 0.6038130023402086, "kl_divergence": 0.1171315967082251}