{"tnc": 0.5469256849070018, "kl_divergence": 0.1283223063254624}