{"tnc": 0.6075869647163837, "kl_divergence": 0.13335042113850448}