{"tnc": 0.5546871117133031, "kl_divergence": 0.12702158580871714}