{"tnc": 0.5865681363612901, "kl_divergence": 0.11816979094856822}