{"tnc": 0.6037779595010215, "kl_divergence": 0.11824613120543143}