{"tnc": 0.5926127560121451, "kl_divergence": 0.11908668649124234}