{"tnc": 0.6078849890762751, "kl_divergence": 0.12224231380166999}