{"tnc": 0.5833079870654401, "kl_divergence": 0.14953062595088384}