{"tnc": 0.582630822305335, "kl_divergence": 0.11943754988792686}