{"tnc": 0.8687564130667839, "kl_divergence": 0.1338793784894162}