{"tnc": 0.8703280171729776, "kl_divergence": 0.13388380884336937}