{"tnc": 0.8407478242577012, "kl_divergence": 0.1454056960615244}