{"tnc": 0.8145477663764668, "kl_divergence": 0.16521104235136358}