{"tnc": 0.8377344124160498, "kl_divergence": 0.13799769637435072}