{"tnc": 0.8174729170750165, "kl_divergence": 0.17131965539781424}