{"tnc": 0.8670762584288184, "kl_divergence": 0.12080761507744185}