{"tnc": 0.7685098976148278, "kl_divergence": 0.16812893739403767}