{"tnc": 0.76032537123618, "kl_divergence": 0.19194835753322786}