{"tnc": 0.8657095477781548, "kl_divergence": 0.12076821962649736}