{"tnc": 0.8632936492131168, "kl_divergence": 0.12078577361475054}