{"tnc": 0.8642296390674127, "kl_divergence": 0.12082239812353199}