{"tnc": 0.856959464230988, "kl_divergence": 0.12316883526627348}