{"tnc": 0.7863223337816062, "kl_divergence": 0.17864513970969495}