{"tnc": 0.9638357378143732, "kl_divergence": 0.06102540700590573}