{"tnc": 0.9689242698394025, "kl_divergence": 0.07925606375918105}