{"tnc": 0.9744131133799262, "kl_divergence": 0.10201502887549722}