{"tnc": 0.8636826061410912, "kl_divergence": 0.07126072459717861}