{"tnc": 0.969138184194404, "kl_divergence": 0.059016321649951395}