{"tnc": 0.8247741285602551, "kl_divergence": 0.06381454835934144}