{"tnc": 0.9701515816095765, "kl_divergence": 0.07663058191760794}