{"tnc": 0.9635254629940379, "kl_divergence": 0.06011791448879669}