{"tnc": 0.9629430002616053, "kl_divergence": 0.05985737556898973}