{"tnc": 0.9757504900239578, "kl_divergence": 0.1103133442148912}