{"tnc": 0.9700275431817015, "kl_divergence": 0.07351761277639005}