{"tnc": 0.9629348612656025, "kl_divergence": 0.05842301006792766}