{"tnc": 0.9750568782556177, "kl_divergence": 0.10035930412174487}