{"tnc": 0.9622359593281421, "kl_divergence": 0.0927936383308862}