{"tnc": 0.9686385391313841, "kl_divergence": 0.07630163760812952}