{"tnc": 0.9697755382491949, "kl_divergence": 0.07167686102973345}