{"tnc": 0.9683015851103034, "kl_divergence": 0.07470392276003235}