{"tnc": 0.9593668074326578, "kl_divergence": 0.08737511534598949}