{"tnc": 0.9099568054799041, "kl_divergence": 0.06561315013865332}