{"tnc": 0.9688255786862987, "kl_divergence": 0.07823877672133912}