{"tnc": 0.9242486747686783, "kl_divergence": 0.06360640595295669}