{"tnc": 0.9688641107843461, "kl_divergence": 0.0802082693911997}