{"tnc": 0.9615686064868233, "kl_divergence": 0.09037123362421448}