{"tnc": 0.9627415272633875, "kl_divergence": 0.060853005075850945}