{"tnc": 0.9603245499194034, "kl_divergence": 0.08813228112902796}