{"tnc": 0.9717080493564308, "kl_divergence": 0.09734018209819975}