{"tnc": 0.9633434512325988, "kl_divergence": 0.06067007674651852}