{"tnc": 0.9706830152616996, "kl_divergence": 0.08948931388016963}