{"tnc": 0.9718950939157053, "kl_divergence": 0.07148539212319878}