{"tnc": 0.9716775546033647, "kl_divergence": 0.08523510755611702}