{"tnc": 0.9745219435356054, "kl_divergence": 0.05602397830708383}