{"tnc": 0.969114559368754, "kl_divergence": 0.10447264470655054}