{"tnc": 0.9759118182615774, "kl_divergence": 0.04836570615519182}