{"tnc": 0.9698666168529251, "kl_divergence": 0.054036626662132325}