{"tnc": 0.9759372147355952, "kl_divergence": 0.07601093482376564}