{"tnc": 0.8009199451063013, "kl_divergence": 0.054277950390927296}