{"tnc": 0.8233519858559225, "kl_divergence": 0.061869495165902004}