{"tnc": 0.9653046078239407, "kl_divergence": 0.048966995078295425}