{"tnc": 0.9729261634200542, "kl_divergence": 0.06161824202515785}