{"tnc": 0.9739877726900186, "kl_divergence": 0.07224832869006814}