{"tnc": 0.9726401825141023, "kl_divergence": 0.06154563635194828}