{"tnc": 0.9753540415293566, "kl_divergence": 0.059334205261668584}