{"tnc": 0.9716177987346251, "kl_divergence": 0.09900955717415828}