{"tnc": 0.7850176635877585, "kl_divergence": 0.05351575856853742}