{"tnc": 0.9720808006322791, "kl_divergence": 0.08904057601090862}