{"tnc": 0.9721381013685388, "kl_divergence": 0.052061731792724435}