{"tnc": 0.9783176507412769, "kl_divergence": 0.07527135053096454}