{"tnc": 0.9683920151437219, "kl_divergence": 0.07751196628146273}