{"tnc": 0.9721373806398462, "kl_divergence": 0.05101673028244038}