{"tnc": 0.976400146735791, "kl_divergence": 0.06508232801538882}