{"tnc": 0.9752995167160692, "kl_divergence": 0.06688669096302238}