{"tnc": 0.9708474750025506, "kl_divergence": 0.04127039848424159}