{"tnc": 0.9711694840202875, "kl_divergence": 0.08746950579442259}