{"tnc": 0.776241006162338, "kl_divergence": 0.05665411889313854}