{"tnc": 0.9730788337043969, "kl_divergence": 0.051287971937333095}