{"tnc": 0.9753450446406123, "kl_divergence": 0.07109791680331731}