{"tnc": 0.9702588146243664, "kl_divergence": 0.06591756174407717}