{"tnc": 0.9781145949549314, "kl_divergence": 0.07580100761065253}