{"tnc": 0.9425467347361419, "kl_divergence": 0.048259261950471824}