{"tnc": 0.896822903171649, "kl_divergence": 0.05290726790034403}