{"tnc": 0.9672222297559365, "kl_divergence": 0.06383981024552901}