{"tnc": 0.9987556774248827, "kl_divergence": 0.0016229037595341751}