{"tnc": 0.9976859745072416, "kl_divergence": 0.0011924105471659687}