{"tnc": 0.7243561342009761, "kl_divergence": 0.021047868570132192}