{"tnc": 0.9985462406413486, "kl_divergence": 0.00012253328580466967}