{"tnc": 0.7192534565368789, "kl_divergence": 0.020557543786152273}