{"tnc": 0.9987132194338043, "kl_divergence": 0.001215112732247794}