{"tnc": 0.9979875228523966, "kl_divergence": 0.002011369375420643}