{"tnc": 0.9977979255669133, "kl_divergence": 0.00107392981431716}