{"tnc": 0.9986615785790618, "kl_divergence": 0.00019553528282505455}