{"tnc": 0.9819682943327389, "kl_divergence": 0.02216252180292966}