{"tnc": 0.9780349857130906, "kl_divergence": 0.0030329777048783736}