{"tnc": 0.9987297418967945, "kl_divergence": 9.391148573732703e-05}