{"tnc": 0.7251920707272304, "kl_divergence": 0.020981672744436543}