{"tnc": 0.9334858022301152, "kl_divergence": 0.008544748987642879}