{"tnc": 0.9982853489880257, "kl_divergence": 0.00020189352122747776}