{"tnc": 0.9987459478924704, "kl_divergence": 0.011899275277894434}