{"tnc": 0.9904748607948808, "kl_divergence": 0.0017378744903833497}