{"tnc": 0.998440798465007, "kl_divergence": 0.0006908621232633146}