{"tnc": 0.9982866786411789, "kl_divergence": 0.00020200638432398812}