{"tnc": 0.9987578748013705, "kl_divergence": 0.005789549803467157}