{"tnc": 0.9953650054670499, "kl_divergence": 0.0023301291272134128}