{"tnc": 0.9980464602289116, "kl_divergence": 0.0014677158821205147}