{"tnc": 0.9973925432222596, "kl_divergence": 0.0002548462998721191}