{"tnc": 0.9985906097814279, "kl_divergence": 0.0001455684753700904}