{"tnc": 0.9977714506708633, "kl_divergence": 0.00023711755148234732}