{"tnc": 0.7378907170719663, "kl_divergence": 0.01933715721022495}