{"tnc": 0.9959197780817304, "kl_divergence": 0.001596019631502727}