{"tnc": 0.9986895160677768, "kl_divergence": 0.00011649068200377769}