{"tnc": 0.8175835890313643, "kl_divergence": 0.01637097929116731}