{"tnc": 0.9982941315065516, "kl_divergence": 0.00038744423916486784}