{"tnc": 0.9986038899229361, "kl_divergence": 7.649207631496564e-05}