{"tnc": 0.9610894819976422, "kl_divergence": 0.00412790394443599}