{"tnc": 0.9818696147825218, "kl_divergence": 0.0011689764772947892}