{"tnc": 0.9821772774146554, "kl_divergence": 0.001351723255618083}