{"tnc": 0.9380279643471146, "kl_divergence": 0.005156807947310909}