{"tnc": 0.6963644863706356, "kl_divergence": 0.013712449240200769}