{"tnc": 0.9844354513242574, "kl_divergence": 0.00505381675670852}