{"tnc": 0.9763696843558144, "kl_divergence": 0.003522425783246649}