{"tnc": 0.6738797610618461, "kl_divergence": 0.017549988260447066}