{"tnc": 0.9770028750975867, "kl_divergence": 0.0011258290553702937}