{"tnc": 0.9600155912559738, "kl_divergence": 0.005125715505445725}