{"tnc": 0.7196106789296612, "kl_divergence": 0.013965301489244023}