{"tnc": 0.9836466570372611, "kl_divergence": 0.0006897701741319273}