{"tnc": 0.9790227419045433, "kl_divergence": 0.017107596513714397}