{"tnc": 0.9847635022438852, "kl_divergence": 0.012394823030782764}