{"tnc": 0.7282621440465931, "kl_divergence": 0.010635088858186452}