{"tnc": 0.981854019827446, "kl_divergence": 0.006657813976004285}