{"tnc": 0.989187056178813, "kl_divergence": 0.008357092956652797}