{"tnc": 0.8944921133135709, "kl_divergence": 0.0058332114320623855}