{"tnc": 0.7006457868571334, "kl_divergence": 0.01250065801275047}