{"tnc": 0.9861862692290101, "kl_divergence": 0.02595564259310822}