{"tnc": 0.9821872058920156, "kl_divergence": 0.004520428925628685}