{"tnc": 0.9819109103420934, "kl_divergence": 0.003030424315649867}