{"tnc": 0.9832451338764568, "kl_divergence": 0.001107751526825037}