{"tnc": 0.9822451457349366, "kl_divergence": 0.0012284843797040462}