{"tnc": 0.7148498415949174, "kl_divergence": 0.01304447119775968}