{"tnc": 0.9840601494977181, "kl_divergence": 0.001576390942191256}