{"tnc": 0.9794516286419859, "kl_divergence": 0.0010478668921418332}