{"tnc": 0.9843110622682009, "kl_divergence": 0.0015714598364533633}