{"tnc": 0.9830962134858542, "kl_divergence": 0.0013985573450830827}