{"tnc": 0.9832892485354974, "kl_divergence": 0.0028920511989764626}