{"tnc": 0.9954651681071174, "kl_divergence": 0.007322100352978268}