{"tnc": 0.8246712371813307, "kl_divergence": 0.051819891175286896}