{"tnc": 0.992054248810629, "kl_divergence": 0.013432433245384214}