{"tnc": 0.9939537975017053, "kl_divergence": 0.0016956728886666655}