{"tnc": 0.993294568959665, "kl_divergence": 0.0023567138552855896}