{"tnc": 0.9933808049761746, "kl_divergence": 0.001708485100051607}