{"tnc": 0.9942988994017967, "kl_divergence": 0.0021110585814210527}