{"tnc": 0.9938907672950268, "kl_divergence": 0.0017083905917246664}