{"tnc": 0.9915236221504726, "kl_divergence": 0.01313137584991034}