{"tnc": 0.9917907803088146, "kl_divergence": 0.007552280033241911}