{"tnc": 0.9947774248364076, "kl_divergence": 0.002336601989024094}