{"tnc": 0.9943346068384148, "kl_divergence": 0.002225387424032015}