{"tnc": 0.9940772484660159, "kl_divergence": 0.002654450408975495}