{"tnc": 0.9897477263575158, "kl_divergence": 0.010588622175095057}