{"tnc": 0.9278735653931088, "kl_divergence": 0.04295479945324646}