{"tnc": 0.9795751610992838, "kl_divergence": 0.006186354451296553}