{"tnc": 0.9707360608430435, "kl_divergence": 0.023700343990395233}