{"tnc": 0.9941916742437384, "kl_divergence": 0.0017083874972132836}