{"tnc": 0.9931011389452854, "kl_divergence": 0.0018972733142571714}