{"tnc": 0.9939779992872884, "kl_divergence": 0.002166744590705278}