{"tnc": 0.9932015343546936, "kl_divergence": 0.004025270202124131}