{"tnc": 0.9938095046921994, "kl_divergence": 0.002189101193017991}