{"tnc": 0.9937691905256403, "kl_divergence": 0.0016483946750442881}