{"tnc": 0.9454852147231592, "kl_divergence": 0.026304170711473042}