{"tnc": 0.9942653624951138, "kl_divergence": 0.001695232368884875}