{"tnc": 0.8003602593279097, "kl_divergence": 0.04932043034889563}