{"tnc": 0.8159918160296383, "kl_divergence": 0.05044218674262773}