{"tnc": 0.7918140416470857, "kl_divergence": 0.05576318137449152}