{"tnc": 0.9903834525921239, "kl_divergence": 0.016260221284010248}