{"tnc": 0.9913342686871873, "kl_divergence": 0.003879838021322876}