{"tnc": 0.974192262933223, "kl_divergence": 0.06016527146467995}