{"tnc": 0.9657793506628791, "kl_divergence": 0.06548814530941154}