{"tnc": 0.9561925846494308, "kl_divergence": 0.052025725173304394}