{"tnc": 0.9763966117117266, "kl_divergence": 0.06235611114626122}