{"tnc": 0.8140748715972418, "kl_divergence": 0.09696321187649734}