{"tnc": 0.969840697505989, "kl_divergence": 0.05760844424682656}