{"tnc": 0.9619393894370714, "kl_divergence": 0.047705865837009316}