{"tnc": 0.9626721551143731, "kl_divergence": 0.04694086505078014}