{"tnc": 0.9640264387227542, "kl_divergence": 0.047145184065334564}