{"tnc": 0.9620689638723489, "kl_divergence": 0.04715172302885619}