{"tnc": 0.9700653450673976, "kl_divergence": 0.06439460276921255}