{"tnc": 0.9726801223091043, "kl_divergence": 0.05864070327446483}