{"tnc": 0.9102219431741879, "kl_divergence": 0.10374130159745552}