{"tnc": 0.8861173652444846, "kl_divergence": 0.10675983226852113}