{"tnc": 0.9686443543211127, "kl_divergence": 0.056524262140391086}