{"tnc": 0.9627254934952907, "kl_divergence": 0.04722192301132595}