{"tnc": 0.9283094276000835, "kl_divergence": 0.1056018838903442}