{"tnc": 0.9627908664939395, "kl_divergence": 0.0480337436325}