{"tnc": 0.9703011410153678, "kl_divergence": 0.05736764751253874}