{"tnc": 0.9679593451094951, "kl_divergence": 0.057075975755623606}