{"tnc": 0.9639596527314763, "kl_divergence": 0.04707174642366799}