{"tnc": 0.9635406258564522, "kl_divergence": 0.04887993140851224}