{"tnc": 0.9408569714283374, "kl_divergence": 0.09194695300952663}