{"tnc": 0.7363351518078537, "kl_divergence": 0.8559642108382678}