{"tnc": 0.7262275140797173, "kl_divergence": 0.8590704808274868}