{"tnc": 0.7235566886027064, "kl_divergence": 0.854204482472233}