{"tnc": 0.7251537987923651, "kl_divergence": 0.8641638746413367}