{"tnc": 0.7113578035600135, "kl_divergence": 0.8609714694382729}