{"tnc": 0.7489463463437225, "kl_divergence": 0.8864121197198755}