{"tnc": 0.7303450239047002, "kl_divergence": 0.8818150303629135}