{"tnc": 0.7389672142666693, "kl_divergence": 0.878842370929384}