{"tnc": 0.72862979091764, "kl_divergence": 0.8860881543518522}