{"tnc": 0.7461129738525611, "kl_divergence": 0.895708129641585}