{"tnc": 0.7389241102696559, "kl_divergence": 0.8786023951086078}