{"tnc": 0.7364025211111276, "kl_divergence": 0.858995059800065}