{"tnc": 0.7350081909826109, "kl_divergence": 0.8685159587673845}