{"tnc": 0.7421169608861826, "kl_divergence": 0.8849701216032031}