{"tnc": 0.7393072960042302, "kl_divergence": 0.875964470054968}