{"tnc": 0.7261796318536357, "kl_divergence": 0.8902052513933822}