{"tnc": 0.7014756700912756, "kl_divergence": 0.9163732133749831}