{"tnc": 0.690368798563838, "kl_divergence": 0.9044410207591244}