{"tnc": 0.7335641471725084, "kl_divergence": 0.8708359161185459}