{"tnc": 0.7369292833148676, "kl_divergence": 0.8753116002553643}