{"tnc": 0.7289828664908853, "kl_divergence": 0.8604437350175582}