{"tnc": 0.7232644398166376, "kl_divergence": 0.9008920558992397}