{"tnc": 0.6977476424224541, "kl_divergence": 0.9135322833080451}