{"tnc": 0.745554236958504, "kl_divergence": 0.9025026089638235}