{"tnc": 0.7191269728962751, "kl_divergence": 0.8585641274879748}