{"tnc": 0.6897341061860328, "kl_divergence": 0.8509042897776615}