{"tnc": 0.7034540137589124, "kl_divergence": 0.903518316738583}