{"tnc": 0.6956326635475388, "kl_divergence": 0.9017585372142782}