{"tnc": 0.7486785912671067, "kl_divergence": 0.9016756955324892}