{"tnc": 0.7124318492867922, "kl_divergence": 0.8723306488414656}