{"tnc": 0.641463325896703, "kl_divergence": 0.7724160342545253}