{"tnc": 0.5508237853994238, "kl_divergence": 0.24997755582993353}