{"tnc": 0.5691573717115979, "kl_divergence": 0.21454831829624038}