{"tnc": 0.5893487736101968, "kl_divergence": 0.18256573977477308}