{"tnc": 0.6021093314777306, "kl_divergence": 0.18107470736464815}