{"tnc": 0.5972412779734245, "kl_divergence": 0.17746740235350444}