{"tnc": 0.5979952721048166, "kl_divergence": 0.18326061995438317}