{"tnc": 0.5747075647321154, "kl_divergence": 0.21602431698498872}