{"tnc": 0.578204110472784, "kl_divergence": 0.21387648877700088}