{"tnc": 0.6047367465085296, "kl_divergence": 0.17890531453270384}