{"tnc": 0.5840274289359664, "kl_divergence": 0.19576510594788651}