{"tnc": 0.590408797922941, "kl_divergence": 0.18700642925977987}