{"tnc": 0.6036979267904221, "kl_divergence": 0.17663135272639635}