{"tnc": 0.5988745226260211, "kl_divergence": 0.17560000222239577}