{"tnc": 0.5539087521581864, "kl_divergence": 0.23859208772400764}