{"tnc": 0.6041147898561628, "kl_divergence": 0.17539730213553442}