{"tnc": 0.5890894456055462, "kl_divergence": 0.18452960992116335}