{"tnc": 0.5518972912606588, "kl_divergence": 0.250728007926627}