{"tnc": 0.5879144390611191, "kl_divergence": 0.20199198298752274}