{"tnc": 0.5897834606151934, "kl_divergence": 0.1940485317015869}