{"tnc": 0.5648996149839092, "kl_divergence": 0.21633172925643396}