{"tnc": 0.5849779640668317, "kl_divergence": 0.19910403232104623}