{"tnc": 0.5884643459053928, "kl_divergence": 0.2032175292231978}