{"tnc": 0.5685658008583844, "kl_divergence": 0.21413484155872922}