{"tnc": 0.606201593731522, "kl_divergence": 0.17870999080298922}