{"tnc": 0.5511428561089651, "kl_divergence": 0.23415642895897415}