{"tnc": 0.5921650926350471, "kl_divergence": 0.18773798511656514}