{"tnc": 0.5793868905096073, "kl_divergence": 0.20084543507510208}