{"tnc": 0.5452567084718098, "kl_divergence": 0.24329457721758407}