{"tnc": 0.9093687463325449, "kl_divergence": 0.03425479621451324}