{"tnc": 0.7099123541767498, "kl_divergence": 0.053127425499799874}