{"tnc": 0.9812256490222272, "kl_divergence": 0.05345680567713456}