{"tnc": 0.9778219165894173, "kl_divergence": 0.03442468720634036}