{"tnc": 0.9805801769142135, "kl_divergence": 0.07328925202812848}