{"tnc": 0.9825595278157275, "kl_divergence": 0.05494223624530378}