{"tnc": 0.9775738118306346, "kl_divergence": 0.03470948458001275}