{"tnc": 0.979717714040256, "kl_divergence": 0.08169396929983075}