{"tnc": 0.9789306964529227, "kl_divergence": 0.05095132887325128}