{"tnc": 0.8988143957700074, "kl_divergence": 0.039811761252049674}