{"tnc": 0.9767702955584168, "kl_divergence": 0.03448306575537641}