{"tnc": 0.9774856435244595, "kl_divergence": 0.03324786781464299}