{"tnc": 0.9720657685336916, "kl_divergence": 0.07763118227000376}