{"tnc": 0.9775988423150401, "kl_divergence": 0.05107808169332282}