{"tnc": 0.8246034193757359, "kl_divergence": 0.052898238011964256}