{"tnc": 0.9429973297747206, "kl_divergence": 0.0592233098278077}