{"tnc": 0.971625332932506, "kl_divergence": 0.052865353526625}