{"tnc": 0.9583641853853906, "kl_divergence": 0.06098411002008283}