{"tnc": 0.9722801853128772, "kl_divergence": 0.05426292509639384}