{"tnc": 0.8523942788083447, "kl_divergence": 0.058623794267908265}