{"tnc": 0.9651219213922344, "kl_divergence": 0.0407001272333581}