{"tnc": 0.9677242707149915, "kl_divergence": 0.04830546920979151}