{"tnc": 0.9644658521447492, "kl_divergence": 0.040826861515486486}