{"tnc": 0.9658905130941514, "kl_divergence": 0.04594690913169689}