{"tnc": 0.9663756947659384, "kl_divergence": 0.04308062404541746}