{"tnc": 0.8824242430918959, "kl_divergence": 0.06562619813834605}