{"tnc": 0.9668207929047854, "kl_divergence": 0.04821252276023236}