{"tnc": 0.9643568795115213, "kl_divergence": 0.04415868434508264}