{"tnc": 0.9688992991616588, "kl_divergence": 0.05135276978229611}