{"tnc": 0.9051405563645064, "kl_divergence": 0.058638818722769145}