{"tnc": 0.9701614550432737, "kl_divergence": 0.04774819539093407}