{"tnc": 0.9566915935904752, "kl_divergence": 0.03669021515535985}