{"tnc": 0.9657290288815439, "kl_divergence": 0.04311762961255318}