{"tnc": 0.9636686664759517, "kl_divergence": 0.04143965992920971}