{"tnc": 0.9733059785464003, "kl_divergence": 0.049020062901240585}