{"tnc": 0.9644994597845032, "kl_divergence": 0.0455202506389632}