{"tnc": 0.9634742447212563, "kl_divergence": 0.03992651693782738}