{"tnc": 0.9621086168301688, "kl_divergence": 0.04088967452558094}