{"tnc": 0.969267706860138, "kl_divergence": 0.05069096818876616}