{"tnc": 0.966543367315023, "kl_divergence": 0.0488997763898909}