{"tnc": 0.878143758883454, "kl_divergence": 0.0647141803697136}