{"tnc": 0.9632886456282119, "kl_divergence": 0.03975626999907547}