{"tnc": 0.9637998599374318, "kl_divergence": 0.04490845271968063}