{"tnc": 0.9700263363895353, "kl_divergence": 0.04828172275117634}