{"umap": 4.880221843719482, "umato": 7.305058002471924, "pacmap": 0.8448617458343506, "tsne": 5.7620807647705075, "trimap": 0.8564908504486084, "pca": 0.002010631561279297, "lle": 0.15111908912658692, "lmds": 0.18412175178527831}