{"tsne": [5.077915906906128, 5.147995948791504, 4.75095272064209, 5.201992988586426, 5.24590802192688, 4.860911846160889, 5.0610032081604, 5.0848071575164795, 4.972359657287598, 4.828599214553833], "isomap": [0.399930477142334, 0.39713549613952637, 0.39754176139831543, 0.40296220779418945, 0.40102148056030273, 0.4043099880218506, 0.38788580894470215, 0.40069079399108887, 0.3907656669616699, 0.38989806175231934], "umap": [3.4429728984832764, 3.541330099105835, 3.4114959239959717, 4.953716516494751, 3.48056697845459, 3.413262367248535, 3.3871495723724365, 3.3785769939422607, 4.773031234741211, 3.4140841960906982], "umap_pca": [4.807852745056152, 3.4008028507232666, 3.3726820945739746, 3.408118724822998, 3.3102567195892334, 3.278527021408081, 4.734943866729736, 3.3138909339904785, 3.3112363815307617, 3.3095831871032715], "umato": [0.8873758316040039, 0.9232487678527832, 2.3914523124694824, 0.9360165596008301, 0.9329650402069092, 0.9226107597351074, 0.9337868690490723, 0.9359650611877441, 0.8981311321258545, 0.8971595764160156], "pacmap": [0.5319175720214844, 0.7490794658660889, 0.7514679431915283, 0.75142502784729, 0.7498602867126465, 0.7515738010406494, 0.7682209014892578, 0.7498140335083008, 0.749605655670166, 0.7476921081542969], "trimap": [0.729393482208252, 0.8257553577423096, 0.8227264881134033, 0.8232252597808838, 0.824336051940918, 0.8217103481292725, 0.6775538921356201, 0.8236546516418457, 0.8310256004333496, 0.8229143619537354], "pca": [0.0007901191711425781, 0.0007619857788085938, 0.0007777214050292969, 0.0007548332214355469, 0.0007727146148681641, 0.0007638931274414062, 0.0008416175842285156, 0.0008640289306640625, 0.0007572174072265625, 0.0007717609405517578], "lle": [0.08461546897888184, 0.08469438552856445, 0.0835120677947998, 0.08347916603088379, 0.0838155746459961, 0.08499813079833984, 0.08488607406616211, 0.0833275318145752, 0.08365726470947266, 0.08395934104919434], "lmds": [0.004699230194091797, 0.030132055282592773, 0.09932565689086914, 0.08188223838806152, 0.09498977661132812, 0.0019350051879882812, 0.0050432682037353516, 0.05430173873901367, 0.0013871192932128906, 0.10027813911437988]}