{"umap": 6.527061891555786, "umato": 1.3194725036621093, "pacmap": 1.1690242290496826, "tsne": 5.487379646301269, "trimap": 1.2798906326293946, "pca": 0.002613735198974609, "lle": 0.298186731338501, "lmds": 1.1399709224700927}