{"tsne": [4.019827365875244, 3.894954204559326, 4.012954235076904, 3.9809415340423584, 4.150020599365234, 3.9377083778381348, 3.9161360263824463, 3.9364216327667236, 3.930950164794922, 4.014827013015747], "isomap": [0.6025464534759521, 0.5167140960693359, 0.5129044055938721, 0.5050616264343262, 0.5076725482940674, 0.48560047149658203, 0.5160934925079346, 0.5257282257080078, 0.5205764770507812, 0.5100064277648926], "umap": [3.3874402046203613, 4.14309024810791, 3.394303798675537, 3.8493146896362305, 3.390704870223999, 3.8260672092437744, 3.389209270477295, 3.7860231399536133, 3.398643970489502, 3.7587127685546875], "umap_pca": [3.7707204818725586, 3.36889386177063, 3.767146348953247, 3.302809000015259, 3.316843271255493, 3.8084614276885986, 3.281686782836914, 3.7253377437591553, 3.3194966316223145, 3.7640511989593506], "umato": [1.4169816970825195, 0.9631028175354004, 0.9604213237762451, 0.9518635272979736, 0.9507524967193604, 1.3789386749267578, 1.096240758895874, 0.9572696685791016, 0.9149549007415771, 0.9529397487640381], "pacmap": [0.9917831420898438, 0.9890515804290771, 0.9907782077789307, 0.9941956996917725, 0.9895243644714355, 0.9946234226226807, 0.9935953617095947, 0.9910900592803955, 0.9903383255004883, 0.9860720634460449], "trimap": [1.099515676498413, 1.0996320247650146, 1.0373718738555908, 1.0456998348236084, 0.9877445697784424, 0.8462467193603516, 1.0953526496887207, 1.0943188667297363, 0.82248854637146, 1.0126676559448242], "pca": [0.0008132457733154297, 0.0005571842193603516, 0.0007367134094238281, 0.0005755424499511719, 0.0007410049438476562, 0.0005631446838378906, 0.00075531005859375, 0.0005364418029785156, 0.0007550716400146484, 0.0006654262542724609], "lle": [0.12121033668518066, 0.12055134773254395, 0.12038540840148926, 0.12070107460021973, 0.12115645408630371, 0.12105035781860352, 0.1197054386138916, 0.11651372909545898, 0.11645126342773438, 0.11620211601257324], "lmds": [0.16859006881713867, 0.006767749786376953, 0.15414738655090332, 0.13576054573059082, 0.03032207489013672, 0.009632587432861328, 0.01495671272277832, 0.0482637882232666, 0.13242602348327637, 0.02075648307800293]}