{"tsne": [6.606044769287109, 7.259552955627441, 6.647222995758057, 7.158452749252319, 7.324867010116577, 7.3520166873931885, 8.052121639251709, 7.392457008361816, 6.309346437454224, 6.508577823638916], "isomap": [0.6738491058349609, 0.7028512954711914, 0.6772689819335938, 0.6955537796020508, 0.7033450603485107, 0.7052304744720459, 0.6694896221160889, 0.6901729106903076, 0.7010529041290283, 0.6655292510986328], "umap": [4.046055316925049, 4.471332788467407, 3.9024829864501953, 4.448070049285889, 4.1154749393463135, 4.1032633781433105, 4.460791110992432, 3.901033639907837, 4.4510674476623535, 4.02894401550293], "umap_pca": [5.001606225967407, 4.288073778152466, 4.165032148361206, 4.698231935501099, 4.702739238739014, 4.449397325515747, 4.962479591369629, 5.129025936126709, 4.815608739852905, 4.119969844818115], "umato": [1.7622859477996826, 1.1767864227294922, 1.156526803970337, 1.2295823097229004, 1.1959984302520752, 1.1711339950561523, 1.2050089836120605, 1.8330621719360352, 1.1895627975463867, 1.3566291332244873], "pacmap": [1.5294468402862549, 1.5931763648986816, 1.5451419353485107, 1.606003999710083, 1.6106016635894775, 1.5838916301727295, 1.4359569549560547, 1.5909643173217773, 1.622756004333496, 1.5668754577636719], "trimap": [1.5047874450683594, 1.8708364963531494, 1.6842741966247559, 1.7552809715270996, 4.119710922241211, 2.5786476135253906, 1.7720856666564941, 1.3433887958526611, 1.5983607769012451, 1.4801318645477295], "pca": [0.2646610736846924, 0.20967721939086914, 0.24706578254699707, 0.12744379043579102, 0.10314083099365234, 0.25057077407836914, 0.44768619537353516, 0.23475360870361328, 0.20836424827575684, 0.23851990699768066], "lle": [0.4440624713897705, 0.42617106437683105, 0.45846056938171387, 0.4361720085144043, 0.4334743022918701, 0.39498448371887207, 0.40174221992492676, 0.40245556831359863, 0.3974740505218506, 0.39354372024536133], "lmds": [0.13359332084655762, 0.6250240802764893, 0.29309844970703125, 0.4263179302215576, 0.14385557174682617, 0.45969128608703613, 0.3850290775299072, 0.29096460342407227, 0.7824299335479736, 0.5645029544830322]}