{"umap": 5.152285814285278, "umato": 1.526747989654541, "pacmap": 5.130978775024414, "tsne": 8.293876028060913, "trimap": 5.424261045455933, "pca": 0.07114105224609375, "lle": 0.46631531715393065, "lmds": 0.2744298458099365}