{"umap": 6.075362968444824, "umato": 1.372741460800171, "pacmap": 5.556059694290161, "tsne": 6.8517493724823, "trimap": 5.469937562942505, "pca": 0.0251253604888916, "lle": 0.44170608520507815, "lmds": 0.7718786716461181}