{"tsne": [5.616699457168579, 5.503847122192383, 5.593925476074219, 5.623728275299072, 5.496494770050049, 5.687465667724609, 5.6071226596832275, 5.760657548904419, 5.746093034744263, 5.672706842422485], "isomap": [1.2017805576324463, 1.199333667755127, 1.2018380165100098, 1.1966359615325928, 1.1988940238952637, 1.206221580505371, 1.2316114902496338, 1.2390835285186768, 1.2153422832489014, 1.2460601329803467], "umap": [4.629524230957031, 4.674796104431152, 4.631156921386719, 4.573039770126343, 4.565446376800537, 6.098658323287964, 4.670618772506714, 4.602109432220459, 4.566078424453735, 4.577433824539185], "umap_pca": [4.55825400352478, 4.571276903152466, 4.52349328994751, 6.111540079116821, 4.612276554107666, 4.6099534034729, 4.5541887283325195, 4.622308969497681, 4.571731328964233, 5.957117080688477], "umato": [1.161576509475708, 1.2141237258911133, 1.1391546726226807, 1.1756765842437744, 1.3160552978515625, 1.1910202503204346, 1.0857720375061035, 1.2883069515228271, 1.1977241039276123, 1.2207183837890625], "pacmap": [1.8448941707611084, 1.864823818206787, 1.7620277404785156, 1.7739074230194092, 1.8802525997161865, 1.860610008239746, 1.8463332653045654, 1.8564081192016602, 1.849714756011963, 1.5492324829101562], "trimap": [2.0306854248046875, 1.7623012065887451, 2.062107563018799, 1.99843168258667, 2.006007671356201, 2.014472723007202, 2.326751232147217, 2.0438597202301025, 1.9465947151184082, 1.997711181640625], "pca": [0.030043601989746094, 0.030219554901123047, 0.02911829948425293, 0.028812646865844727, 0.029406070709228516, 0.03000783920288086, 0.029222726821899414, 0.02915167808532715, 0.029147863388061523, 0.02930760383605957], "lle": [0.33667945861816406, 0.34224915504455566, 0.3366875648498535, 0.3410301208496094, 0.3359990119934082, 0.3453958034515381, 0.3421773910522461, 0.3422088623046875, 0.33740758895874023, 0.33899879455566406], "lmds": [0.02239537239074707, 0.3525087833404541, 0.7525742053985596, 0.6331002712249756, 0.21587276458740234, 0.14957070350646973, 0.13878369331359863, 0.2592790126800537, 0.8361027240753174, 0.35954952239990234]}