{"umap": 14.419926738739013, "umato": 3.876107120513916, "pacmap": 9.094877767562867, "tsne": 43.25985946655273, "trimap": 9.822649478912354, "pca": 0.16364264488220215, "lle": 436.6017792224884, "lmds": 6.433818912506103}