{"tsne": [37.2722852230072, 40.51147127151489, 35.577537298202515, 35.8681161403656, 36.868643283843994, 34.38406038284302, 36.83036947250366, 35.12487483024597, 33.07434439659119, 34.32750105857849], "isomap": [19.400742530822754, 19.45362377166748, 19.225488662719727, 19.385281324386597, 19.394569158554077, 19.76835608482361, 19.257380485534668, 19.33686089515686, 19.99401068687439, 19.272390842437744], "umap": [9.015087842941284, 8.923112154006958, 9.284818649291992, 10.751129388809204, 9.23106598854065, 9.192007541656494, 9.767531156539917, 10.137375354766846, 9.925235986709595, 9.325824499130249], "umap_pca": [9.737865447998047, 9.539837837219238, 9.063007831573486, 10.443641185760498, 9.436210870742798, 9.444045066833496, 9.053361654281616, 10.365062952041626, 9.093545913696289, 8.847614765167236], "umato": [2.732201099395752, 2.832592248916626, 2.691787004470825, 3.836291790008545, 2.867342472076416, 2.8660178184509277, 2.756991147994995, 2.6559879779815674, 2.7626092433929443, 2.834118366241455], "pacmap": [6.5153326988220215, 6.860732793807983, 7.191829204559326, 6.116341829299927, 6.699314594268799, 6.818114757537842, 7.197319984436035, 7.024819374084473, 5.6967689990997314, 7.248014211654663], "trimap": [6.1390063762664795, 6.3827831745147705, 6.860339879989624, 6.698899507522583, 6.834789276123047, 6.863279581069946, 6.600939512252808, 7.24873161315918, 6.938940048217773, 6.300071477890015], "pca": [0.028385162353515625, 0.027771472930908203, 0.031404733657836914, 0.0389866828918457, 0.03455781936645508, 0.033005714416503906, 0.03291940689086914, 0.03750801086425781, 0.026387453079223633, 0.03859996795654297], "lle": [25.14341425895691, 24.875382900238037, 25.96532893180847, 25.251185417175293, 25.33948850631714, 26.418174982070923, 26.153428554534912, 25.7646324634552, 25.39522361755371, 26.38387370109558], "lmds": [1.0026397705078125, 4.055721282958984, 3.2890608310699463, 7.206237554550171, 11.970460891723633, 23.21663498878479, 8.365882158279419, 0.3012731075286865, 13.601433753967285, 14.06077241897583]}