{"umap": 4.465834426879883, "umato": 1.385511302947998, "pacmap": 4.9470044612884525, "tsne": 6.843801116943359, "trimap": 5.296110343933106, "pca": 0.12171711921691894, "lle": 0.898490047454834, "lmds": 0.8386713981628418}