{"tsne": [5.495707988739014, 5.520976543426514, 5.423509836196899, 5.465933084487915, 5.673359632492065, 5.433046102523804, 5.468166828155518, 5.428991079330444, 5.515784978866577, 5.46759295463562], "isomap": [0.6396706104278564, 0.6539430618286133, 0.7357306480407715, 0.6391804218292236, 0.6356339454650879, 0.6511602401733398, 0.6577765941619873, 0.6349020004272461, 0.6530976295471191, 0.6544456481933594], "umap": [3.844686508178711, 3.813121795654297, 4.334956169128418, 3.8289175033569336, 4.338224411010742, 3.8330609798431396, 4.219736814498901, 3.7556111812591553, 4.376552581787109, 3.844106912612915], "umap_pca": [4.428884267807007, 3.909999132156372, 4.4287943840026855, 3.9287915229797363, 3.893449306488037, 4.459776163101196, 3.9031496047973633, 4.447847843170166, 3.8970768451690674, 3.8916919231414795], "umato": [1.1542840003967285, 1.721024990081787, 1.216825008392334, 1.2396459579467773, 1.110318899154663, 1.1720967292785645, 1.1913774013519287, 1.7487778663635254, 1.2015037536621094, 1.2247607707977295], "pacmap": [1.4922361373901367, 1.4750065803527832, 1.5211305618286133, 1.5289356708526611, 1.6406912803649902, 1.49345064163208, 1.487645149230957, 1.4948704242706299, 1.6482727527618408, 1.4715383052825928], "trimap": [1.5999372005462646, 1.5643081665039062, 1.5759332180023193, 1.5832161903381348, 1.7969727516174316, 1.7221460342407227, 1.5961329936981201, 1.5778625011444092, 1.6146602630615234, 1.5522370338439941], "pca": [0.13245224952697754, 0.1320483684539795, 0.19104218482971191, 0.25549840927124023, 0.12218451499938965, 0.12664389610290527, 0.12730717658996582, 0.1099696159362793, 0.12246394157409668, 0.13644909858703613], "lle": [0.4943420886993408, 0.48256731033325195, 0.48230576515197754, 0.4800710678100586, 0.47317004203796387, 0.4824864864349365, 0.47002553939819336, 0.46747422218322754, 0.5022780895233154, 0.49181079864501953], "lmds": [0.95955491065979, 0.4625091552734375, 1.0034284591674805, 0.8664677143096924, 0.5266304016113281, 1.0652472972869873, 0.7152855396270752, 0.4515492916107178, 0.05636954307556152, 0.8596405982971191]}