{"umap": 19.58818483352661, "umato": 2.8852118968963625, "pacmap": 3.0376025676727294, "tsne": 29.282464122772218, "trimap": 3.585939407348633, "pca": 0.08439092636108399, "lle": 30.465567111968994, "lmds": 2.7902904510498048}