{"tsne": [22.601228952407837, 21.862701416015625, 22.4795138835907, 21.317935943603516, 25.311652898788452, 21.752395629882812, 21.428523778915405, 22.49751901626587, 27.372764587402344, 21.796252965927124], "isomap": [5.614178895950317, 5.508329629898071, 5.767151117324829, 5.769852161407471, 5.635476112365723, 5.568906784057617, 5.576827049255371, 5.558582544326782, 5.5552122592926025, 5.5392491817474365], "umap": [14.059705018997192, 13.634609460830688, 13.360026121139526, 13.438307046890259, 14.396251440048218, 13.429436206817627, 13.467098712921143, 14.17896580696106, 13.622119903564453, 13.46818995475769], "umap_pca": [13.370571851730347, 14.072786092758179, 13.464988470077515, 13.232652425765991, 13.568020105361938, 14.057326078414917, 13.586166858673096, 13.512311935424805, 14.328390121459961, 13.204015493392944], "umato": [1.9862074851989746, 1.9244401454925537, 2.815946340560913, 1.9481446743011475, 2.142747402191162, 2.103851318359375, 1.9527587890625, 1.9079945087432861, 1.9180340766906738, 2.0049028396606445], "pacmap": [3.2164146900177, 3.337134838104248, 3.441587209701538, 3.092181444168091, 3.0445151329040527, 3.027784824371338, 3.145510673522949, 3.328655242919922, 3.296725034713745, 3.095412492752075], "trimap": [3.213947296142578, 3.4765496253967285, 3.332599401473999, 3.333336591720581, 3.2216031551361084, 3.3547563552856445, 3.3335471153259277, 3.477719783782959, 3.270798683166504, 3.362276792526245], "pca": [0.007119417190551758, 0.007320880889892578, 0.007239103317260742, 0.007114887237548828, 0.007123470306396484, 0.007233619689941406, 0.007098197937011719, 0.0071315765380859375, 0.007144451141357422, 0.007289409637451172], "lle": [3.447700023651123, 3.294602155685425, 3.2655365467071533, 3.47432279586792, 3.274731159210205, 3.2459983825683594, 3.3879494667053223, 3.2503607273101807, 3.253490686416626, 3.268447160720825], "lmds": [0.8962111473083496, 1.376969575881958, 1.9510893821716309, 2.4249119758605957, 0.7224643230438232, 0.04942512512207031, 0.5344893932342529, 2.812695026397705, 1.347832441329956, 0.02638101577758789]}