{"tsne": [33.51159358024597, 30.07596206665039, 29.676748991012573, 29.526569604873657, 28.146990060806274, 26.331655740737915, 26.17202353477478, 25.436293363571167, 26.184168577194214, 25.153395891189575], "isomap": [5.407558917999268, 5.3941566944122314, 5.415985584259033, 5.409121036529541, 5.38563346862793, 5.291156530380249, 5.387748718261719, 5.354746341705322, 5.639000415802002, 5.3709070682525635], "umap": [13.367773532867432, 13.444016695022583, 13.4522385597229, 13.205111980438232, 14.453711748123169, 13.631763696670532, 13.406402826309204, 13.275973796844482, 13.135080575942993, 14.362802267074585], "umap_pca": [13.40112018585205, 14.452464580535889, 13.270377397537231, 13.539811134338379, 13.283427715301514, 13.040653228759766, 14.356590032577515, 13.396778583526611, 13.3525230884552, 13.32956600189209], "umato": [1.6712751388549805, 1.625129222869873, 1.5936713218688965, 1.7156014442443848, 1.594843864440918, 1.584993600845337, 1.5908539295196533, 1.5705492496490479, 1.6533129215240479, 1.5679676532745361], "pacmap": [4.140255451202393, 3.972768545150757, 3.864516019821167, 3.6142497062683105, 3.5831668376922607, 4.013919830322266, 3.87032151222229, 3.7468576431274414, 3.752244710922241, 3.7649967670440674], "trimap": [4.264529705047607, 3.94525146484375, 3.896871566772461, 4.175634384155273, 3.7837369441986084, 3.6480355262756348, 3.7412643432617188, 3.936782121658325, 3.8207600116729736, 3.782085657119751], "pca": [0.08400821685791016, 0.08331847190856934, 0.08403277397155762, 0.08332967758178711, 0.08400130271911621, 0.08368182182312012, 0.08367538452148438, 0.08938264846801758, 0.08441305160522461, 0.13187408447265625], "lle": [3.3053297996520996, 3.163196325302124, 3.295189619064331, 3.2729761600494385, 3.145075798034668, 3.3757195472717285, 3.333589553833008, 3.1781907081604004, 3.112048864364624, 3.383697032928467], "lmds": [3.5671842098236084, 6.52536153793335, 8.176875114440918, 1.9513492584228516, 4.908985614776611, 3.523754358291626, 7.398607015609741, 2.3680014610290527, 1.2628190517425537, 0.2624037265777588]}