{"umap": 18.975780725479126, "umato": 9.192492389678955, "pacmap": 11.221633625030517, "tsne": 34.15357971191406, "trimap": 12.496938037872315, "pca": 0.3122095108032227, "lle": 122.48361763954162, "lmds": 12.467490863800048}