{"tsne": [1.3066866397857666, 1.2155606746673584, 1.3256335258483887, 1.2682468891143799, 1.2860009670257568, 1.3107187747955322, 1.276073694229126, 1.4148914813995361, 1.3264000415802002, 1.312042474746704], "isomap": [0.18254852294921875, 0.18260431289672852, 0.18806910514831543, 0.18567109107971191, 0.17653536796569824, 0.1841597557067871, 0.16450786590576172, 0.17533540725708008, 0.16150593757629395, 0.18668246269226074], "umap": [2.4845163822174072, 2.489506959915161, 4.134803056716919, 2.5141210556030273, 2.4832546710968018, 2.488410234451294, 2.4885709285736084, 2.4617326259613037, 4.185234069824219, 2.5130975246429443], "umap_pca": [2.4833567142486572, 4.200142860412598, 2.534318208694458, 2.533656120300293, 2.5142085552215576, 2.4997878074645996, 2.4946160316467285, 2.502566337585449, 4.209108114242554, 2.5421342849731445], "umato": [0.7841849327087402, 0.7764520645141602, 0.7734227180480957, 0.7646980285644531, 0.7996783256530762, 0.7738323211669922, 0.7732748985290527, 0.7929749488830566, 2.377464532852173, 0.7934601306915283], "pacmap": [0.38666391372680664, 0.37803125381469727, 0.3769845962524414, 0.37537217140197754, 0.3770906925201416, 0.3782830238342285, 0.3805992603302002, 0.3754768371582031, 0.3909800052642822, 0.3790299892425537], "trimap": [0.39911723136901855, 0.4057934284210205, 0.3992023468017578, 0.3987438678741455, 0.3985016345977783, 0.29293155670166016, 0.2986891269683838, 0.40726256370544434, 0.40773892402648926, 0.40496277809143066], "pca": [0.0011630058288574219, 0.0011467933654785156, 0.0011467933654785156, 0.0011606216430664062, 0.0012278556823730469, 0.0011794567108154297, 0.0011415481567382812, 0.0011420249938964844, 0.0011780261993408203, 0.0011565685272216797], "lle": [0.06052255630493164, 0.06025981903076172, 0.06423354148864746, 0.0685875415802002, 0.06357455253601074, 0.060846567153930664, 0.059587717056274414, 0.06088066101074219, 0.058309078216552734, 0.05983996391296387], "lmds": [0.015354156494140625, 0.015051603317260742, 0.02555704116821289, 0.00424504280090332, 0.02076101303100586, 0.002830982208251953, 0.013823986053466797, 0.008327960968017578, 0.029064655303955078, 0.020045995712280273]}