{"umap": 2.8617090225219726, "umato": 0.9759891033172607, "pacmap": 0.5413926601409912, "tsne": 1.901241159439087, "trimap": 0.5689825534820556, "pca": 0.0018892765045166015, "lle": 0.09836173057556152, "lmds": 0.13505229949951172}