{"umap": 5.637733459472656, "umato": 1.64444260597229, "pacmap": 1.144966459274292, "tsne": 5.57270827293396, "trimap": 1.475358819961548, "pca": 0.04047994613647461, "lle": 0.4602382659912109, "lmds": 2.0717241764068604}