{"tsne": [4.116180181503296, 4.090796947479248, 4.1322407722473145, 4.14939284324646, 4.121051788330078, 4.141828298568726, 4.28428053855896, 4.175861597061157, 4.130809307098389, 4.2113001346588135], "isomap": [0.7644762992858887, 0.7165181636810303, 0.7377908229827881, 0.7436597347259521, 0.7497649192810059, 0.7347164154052734, 0.7324392795562744, 0.7409172058105469, 0.7354960441589355, 0.7454788684844971], "umap": [3.9270243644714355, 3.8442416191101074, 3.8691067695617676, 4.84560227394104, 3.8391218185424805, 3.7396657466888428, 3.778128147125244, 4.59141993522644, 3.790729522705078, 3.8360471725463867], "umap_pca": [3.912659168243408, 3.8480334281921387, 4.678889751434326, 3.7507364749908447, 3.7741379737854004, 3.734815835952759, 4.836514234542847, 3.722590684890747, 3.7488207817077637, 3.693009376525879], "umato": [1.1693975925445557, 1.163512945175171, 1.1481010913848877, 1.1223433017730713, 1.1600382328033447, 1.1369822025299072, 1.0703051090240479, 1.1139800548553467, 1.097369909286499, 2.0790486335754395], "pacmap": [1.047598123550415, 0.8474383354187012, 0.7127676010131836, 0.7204515933990479, 0.8114058971405029, 1.2100534439086914, 1.0231895446777344, 1.0324780941009521, 1.0279738903045654, 1.1174230575561523], "trimap": [0.8190469741821289, 0.8162417411804199, 0.8125731945037842, 1.1281423568725586, 1.0491364002227783, 0.8202142715454102, 0.9500105381011963, 1.1911015510559082, 1.1564438343048096, 1.232543706893921], "pca": [0.0021071434020996094, 0.002044200897216797, 0.0019910335540771484, 0.0020172595977783203, 0.0019838809967041016, 0.0020177364349365234, 0.0021271705627441406, 0.0021207332611083984, 0.0020148754119873047, 0.002023935317993164], "lle": [0.2650270462036133, 0.24725842475891113, 0.23707962036132812, 0.250413179397583, 0.23824477195739746, 0.2367546558380127, 0.24749445915222168, 0.24619460105895996, 0.2355363368988037, 0.24928927421569824], "lmds": [0.40756678581237793, 0.07439088821411133, 0.08870577812194824, 0.12596869468688965, 0.12226057052612305, 0.11069083213806152, 0.33823084831237793, 0.10242605209350586, 0.29752159118652344, 0.1260368824005127]}