{"umap": 15.357356691360474, "umato": 2.376364994049072, "pacmap": 2.9300930976867674, "tsne": 21.93476610183716, "trimap": 3.2996455669403075, "pca": 0.037250614166259764, "lle": 11.57394437789917, "lmds": 6.076615858078003}