{"tsne": [18.14229655265808, 18.428879976272583, 18.18880343437195, 18.351348876953125, 18.100043296813965, 18.955707788467407, 18.072411060333252, 17.810598373413086, 17.709842920303345, 17.760193824768066], "isomap": [9.365511894226074, 9.523630857467651, 9.55504035949707, 9.619359731674194, 9.415376901626587, 9.469393968582153, 9.580264806747437, 9.525682926177979, 9.403808832168579, 9.589711666107178], "umap": [14.33232569694519, 15.092084646224976, 14.135641813278198, 14.329296827316284, 15.149162530899048, 14.605427265167236, 14.433826923370361, 14.467257261276245, 15.104166269302368, 14.252843618392944], "umap_pca": [14.369866371154785, 13.98747992515564, 14.285187244415283, 15.209328651428223, 14.492501974105835, 14.280842304229736, 15.123950481414795, 14.199541330337524, 14.1591157913208, 13.956835985183716], "umato": [1.8113584518432617, 1.8258426189422607, 1.9936983585357666, 1.9474003314971924, 1.822141408920288, 1.882551908493042, 1.7635281085968018, 2.7250142097473145, 1.855238914489746, 1.7851765155792236], "pacmap": [3.3713176250457764, 3.3284950256347656, 3.565157890319824, 3.253446578979492, 3.221879720687866, 4.064329385757446, 11.457507610321045, 3.448040723800659, 3.4175238609313965, 3.5887742042541504], "trimap": [3.4549522399902344, 3.5706984996795654, 3.56976318359375, 3.491245746612549, 3.5441231727600098, 3.5894582271575928, 3.622718095779419, 3.5754928588867188, 3.5774731636047363, 3.527247190475464], "pca": [0.0034329891204833984, 0.0032532215118408203, 0.003272533416748047, 0.0033736228942871094, 0.003297090530395508, 0.0032622814178466797, 0.003354310989379883, 0.0032362937927246094, 0.00360107421875, 0.0033948421478271484], "lle": [1.6814208030700684, 1.691457748413086, 1.7082011699676514, 1.795896291732788, 1.7043144702911377, 1.7124228477478027, 1.696394681930542, 1.7206854820251465, 1.7720847129821777, 1.7473516464233398], "lmds": [1.4403972625732422, 2.54827880859375, 1.812946081161499, 0.44691991806030273, 0.26122474670410156, 2.399123191833496, 0.5452113151550293, 1.69667649269104, 1.370171308517456, 4.12416672706604]}