{"tsne": [57.17475914955139, 56.81512379646301, 58.06724572181702, 60.34928369522095, 59.04637050628662, 56.58833599090576, 60.474870920181274, 59.706592321395874, 56.73301577568054, 56.328760385513306], "isomap": [54.259960889816284, 53.397796630859375, 53.11888885498047, 54.32258343696594, 53.17161750793457, 52.865583419799805, 52.476319551467896, 52.93587684631348, 53.57079482078552, 53.35454607009888], "umap": [19.30716872215271, 19.255645513534546, 16.836284637451172, 16.725831747055054, 16.91207218170166, 16.394875288009644, 16.69979500770569, 16.285671949386597, 16.386125087738037, 16.851062059402466], "umap_pca": [11.037666320800781, 11.545482873916626, 10.952120780944824, 10.981136798858643, 11.452711820602417, 10.88443636894226, 11.130574464797974, 11.577810764312744, 10.97024655342102, 11.235549688339233], "umato": [2.6644484996795654, 2.738236665725708, 2.6293206214904785, 2.6448028087615967, 3.371094226837158, 2.6411170959472656, 2.6971702575683594, 2.635267734527588, 2.72819185256958, 2.728983163833618], "pacmap": [7.118035793304443, 7.063636064529419, 7.087425708770752, 7.0083208084106445, 7.053926944732666, 7.139336824417114, 6.976126432418823, 7.029142618179321, 7.049674987792969, 7.121862888336182], "trimap": [7.826449155807495, 7.7825915813446045, 7.822495460510254, 7.843533039093018, 7.65318751335144, 7.806573152542114, 7.992962598800659, 7.957454442977905, 7.835908651351929, 7.703672409057617], "pca": [0.0021347999572753906, 0.0021467208862304688, 0.0019865036010742188, 0.0019898414611816406, 0.001980304718017578, 0.001977682113647461, 0.0019643306732177734, 0.001958608627319336, 0.0019855499267578125, 0.0019643306732177734], "lle": [1.3901033401489258, 1.4606778621673584, 1.3730249404907227, 1.4002127647399902, 1.3673474788665771, 1.3754127025604248, 1.491872787475586, 1.4475233554840088, 1.4727094173431396, 1.3928472995758057], "lmds": [23.7257022857666, 22.040285110473633, 2.82938551902771, 5.578788757324219, 8.997289419174194, 0.5593008995056152, 39.323771238327026, 25.41076159477234, 33.348108530044556, 11.923490524291992]}