{"umap": 28.522511863708495, "umato": 4.170325517654419, "pacmap": 7.336346435546875, "tsne": 66.88360524177551, "trimap": 8.449915504455566, "pca": 0.050270795822143555, "lle": 3.949938678741455, "lmds": 71.92985577583313}