{"tsne": [51.93763852119446, 50.74444556236267, 50.347564935684204, 50.2771577835083, 52.42225384712219, 49.06633281707764, 50.64241695404053, 50.78117871284485, 52.80938792228699, 51.15818667411804], "isomap": [54.107256174087524, 53.970478773117065, 55.06351280212402, 54.73587107658386, 54.83236742019653, 54.03733277320862, 53.77176094055176, 54.14329409599304, 54.00852108001709, 54.72528409957886], "umap": [12.92634391784668, 11.302603960037231, 12.530114650726318, 11.272208452224731, 11.527550458908081, 11.274750232696533, 11.290405035018921, 12.532285690307617, 11.431403875350952, 11.346004009246826], "umap_pca": [10.837108135223389, 10.794177293777466, 10.638765335083008, 10.713032722473145, 12.021788597106934, 10.608920097351074, 10.71311902999878, 10.691766262054443, 10.661647319793701, 11.94670033454895], "umato": [2.773895740509033, 2.8261559009552, 2.7888741493225098, 2.7230746746063232, 2.723243236541748, 2.901479959487915, 2.8428354263305664, 2.7725350856781006, 2.8519506454467773, 4.022991895675659], "pacmap": [6.8136887550354, 7.046732425689697, 6.902435779571533, 6.798630475997925, 6.959620475769043, 6.942511320114136, 6.8504297733306885, 6.859347581863403, 6.963366508483887, 6.8264524936676025], "trimap": [7.587440490722656, 7.60472846031189, 7.727821350097656, 7.696163654327393, 7.57235312461853, 7.837596416473389, 7.645287752151489, 7.7287278175354, 7.606938123703003, 7.6461029052734375], "pca": [0.001371145248413086, 0.0013530254364013672, 0.0013630390167236328, 0.0013663768768310547, 0.00147247314453125, 0.0013489723205566406, 0.0013387203216552734, 0.0013518333435058594, 0.0013413429260253906, 0.0013241767883300781], "lle": [2.8462443351745605, 2.8448121547698975, 2.847450017929077, 2.8447253704071045, 2.877441167831421, 2.844263792037964, 2.784475326538086, 2.7853281497955322, 2.8075296878814697, 2.8093533515930176], "lmds": [0.018343687057495117, 16.576496839523315, 0.7502212524414062, 2.6638336181640625, 0.7566330432891846, 29.65677571296692, 2.5049307346343994, 47.764636278152466, 31.385188817977905, 5.359535455703735]}