{"umap": 17.013973808288576, "umato": 4.288743305206299, "pacmap": 6.7772070407867435, "tsne": 58.54370470046997, "trimap": 7.936795234680176, "pca": 0.022842264175415038, "lle": 3.475549411773682, "lmds": 62.71492228507996}