{"umap": 4.705757284164429, "umato": 1.1899625301361083, "pacmap": 1.0688891887664795, "tsne": 4.597653913497925, "trimap": 1.138720655441284, "pca": 0.015319156646728515, "lle": 0.21757631301879882, "lmds": 0.34236769676208495}