{"tsne": [3.4072084426879883, 3.3164870738983154, 3.448704481124878, 3.6570329666137695, 3.3344740867614746, 3.376765727996826, 3.492452621459961, 3.495896339416504, 3.5923123359680176, 3.424865484237671], "isomap": [0.44356679916381836, 0.456148624420166, 0.4140350818634033, 0.43053698539733887, 0.44428133964538574, 0.4391927719116211, 0.44147801399230957, 0.41825246810913086, 0.4471409320831299, 0.43256163597106934], "umap": [4.171927452087402, 3.2530629634857178, 3.372025966644287, 3.399379014968872, 4.3858482837677, 3.550605535507202, 3.3856847286224365, 3.35213565826416, 4.489502668380737, 3.375408172607422], "umap_pca": [4.246825218200684, 3.281660318374634, 3.2348034381866455, 3.3037102222442627, 4.265729188919067, 3.285644769668579, 3.418644666671753, 3.4013352394104004, 4.326329231262207, 3.3854517936706543], "umato": [0.907285213470459, 0.9246935844421387, 0.8941473960876465, 0.9141526222229004, 1.980295181274414, 0.94523024559021, 0.9235923290252686, 0.9724698066711426, 0.9279649257659912, 0.9287831783294678], "pacmap": [1.0454342365264893, 0.8844413757324219, 0.9984855651855469, 0.8726201057434082, 0.9668538570404053, 0.8715167045593262, 1.0250639915466309, 0.8681879043579102, 0.9871063232421875, 0.8699655532836914], "trimap": [0.9085845947265625, 0.9650676250457764, 0.7683372497558594, 0.8764715194702148, 0.9042527675628662, 1.0022132396697998, 1.0097603797912598, 0.9893605709075928, 0.9781396389007568, 1.0217230319976807], "pca": [0.0011441707611083984, 0.0011372566223144531, 0.001201629638671875, 0.0012488365173339844, 0.0012507438659667969, 0.0012292861938476562, 0.0011146068572998047, 0.0012233257293701172, 0.001146078109741211, 0.0011277198791503906], "lle": [0.11419200897216797, 0.12129020690917969, 0.11876869201660156, 0.11113262176513672, 0.11292147636413574, 0.11144375801086426, 0.1053307056427002, 0.10384869575500488, 0.11030721664428711, 0.10335040092468262], "lmds": [0.11080527305603027, 0.1930866241455078, 0.0016736984252929688, 0.03287529945373535, 0.013442039489746094, 0.005336284637451172, 0.12083673477172852, 0.05130791664123535, 0.005868673324584961, 0.017034530639648438]}