{"tsne": [134.2135832309723, 136.69202256202698, 128.97637724876404, 131.58253645896912, 127.03798699378967, 127.29422163963318, 130.82148957252502, 132.2677731513977, 137.3368079662323, 125.96776938438416], "isomap": [206.1423318386078, 205.64939308166504, 204.42382550239563, 204.87618231773376, 211.40913820266724, 201.925208568573, 201.76617121696472, 202.95044350624084, 202.68483686447144, 203.02232599258423], "umap": [14.367729425430298, 14.235810041427612, 14.090519666671753, 15.282188892364502, 14.431933641433716, 14.196580171585083, 14.30024766921997, 15.320425510406494, 14.19248104095459, 14.358645915985107], "umap_pca": [9.393139362335205, 9.290046453475952, 9.100687265396118, 10.361726522445679, 9.32699966430664, 9.288988590240479, 9.321445941925049, 9.198800563812256, 10.312032222747803, 9.414689064025879], "umato": [4.880646467208862, 4.95839786529541, 4.833845615386963, 4.798100233078003, 4.826413631439209, 5.953540086746216, 4.8646931648254395, 4.9634318351745605, 4.841476202011108, 4.91868257522583], "pacmap": [12.415686845779419, 12.737710237503052, 12.632154941558838, 12.6241774559021, 12.577713012695312, 12.4864182472229, 12.415722608566284, 12.788594961166382, 13.353024244308472, 12.595836400985718], "trimap": [13.985702991485596, 13.978468656539917, 13.804604053497314, 13.884764432907104, 14.140438079833984, 14.04442024230957, 14.27656888961792, 13.837974309921265, 13.886415481567383, 13.781334400177002], "pca": [0.00214385986328125, 0.0021135807037353516, 0.002090930938720703, 0.0020661354064941406, 0.002137899398803711, 0.002079486846923828, 0.002063274383544922, 0.002081632614135742, 0.0021071434020996094, 0.0020678043365478516], "lle": [2.760216236114502, 2.761617660522461, 2.7499029636383057, 2.730499267578125, 2.742274761199951, 2.767315626144409, 2.7449097633361816, 2.7380599975585938, 2.7430524826049805, 2.7504498958587646], "lmds": [64.14486312866211, 46.60550665855408, 6.457963228225708, 10.313145399093628, 271.99220848083496, 197.51905608177185, 66.31045746803284, 277.01260685920715, 0.1521451473236084, 4.360486030578613]}