{"umap": 80.91127619743347, "umato": 11.555677032470703, "pacmap": 15.313429737091065, "tsne": 168.0871584892273, "trimap": 26.897939443588257, "pca": 0.13591356277465821, "lle": 4.6195838928222654, "lmds": 443.79690580368043}