{"umap": 4.277652359008789, "umato": 1.14576096534729, "pacmap": 0.8447948455810547, "tsne": 3.4805675029754637, "trimap": 0.9263587951660156, "pca": 0.004867982864379883, "lle": 0.21354541778564454, "lmds": 0.6572594165802002}