{"tsne": [2.5078635215759277, 2.5255932807922363, 2.5663723945617676, 2.5956106185913086, 2.5780725479125977, 2.5244083404541016, 2.5160343647003174, 2.5777640342712402, 2.5591557025909424, 2.5137710571289062], "isomap": [0.3127937316894531, 0.32013916969299316, 0.3237910270690918, 0.33019280433654785, 0.3377530574798584, 0.31745338439941406, 0.3315002918243408, 0.33640122413635254, 0.3280680179595947, 0.3304274082183838], "umap": [2.786095380783081, 2.7930307388305664, 4.139981508255005, 2.862168550491333, 2.8828072547912598, 2.929330587387085, 2.88543963432312, 4.15661883354187, 2.8900234699249268, 2.929583787918091], "umap_pca": [2.827995538711548, 2.8142879009246826, 2.820636749267578, 2.79229474067688, 4.077909469604492, 2.8501176834106445, 2.816317319869995, 2.844700574874878, 2.8572611808776855, 2.7930941581726074], "umato": [0.8670539855957031, 0.8718042373657227, 0.8596463203430176, 0.8505146503448486, 0.8488571643829346, 0.8603274822235107, 0.8543524742126465, 0.851506233215332, 0.8373630046844482, 0.8268294334411621], "pacmap": [0.6344413757324219, 0.6391234397888184, 0.6375138759613037, 0.6374001502990723, 0.6376082897186279, 0.6393146514892578, 0.6374466419219971, 0.6348905563354492, 0.6625247001647949, 0.6381769180297852], "trimap": [0.7073166370391846, 0.7028772830963135, 0.6992285251617432, 0.7019989490509033, 0.7040576934814453, 0.6982131004333496, 0.6992809772491455, 0.6992299556732178, 0.6991786956787109, 0.6986472606658936], "pca": [0.000965118408203125, 0.0009605884552001953, 0.0009617805480957031, 0.001020193099975586, 0.00104522705078125, 0.0010409355163574219, 0.0010592937469482422, 0.0009844303131103516, 0.0009624958038330078, 0.0009524822235107422], "lle": [0.13405561447143555, 0.13774919509887695, 0.1356809139251709, 0.13476133346557617, 0.13608503341674805, 0.1380939483642578, 0.13560152053833008, 0.14000368118286133, 0.13622832298278809, 0.13504576683044434], "lmds": [0.07524895668029785, 0.10131239891052246, 0.009171485900878906, 0.0408782958984375, 0.07410311698913574, 0.016035795211791992, 0.007190227508544922, 0.006582975387573242, 0.06156110763549805, 0.0017426013946533203]}