{"tsne": [21.581351280212402, 20.865295886993408, 20.808555364608765, 20.903911590576172, 20.826990604400635, 20.6540687084198, 20.5627179145813, 21.176093578338623, 21.35483455657959, 20.8663489818573], "isomap": [4.035170078277588, 3.977452039718628, 4.0332417488098145, 3.9262115955352783, 4.037748336791992, 4.016635894775391, 4.02718186378479, 4.127159833908081, 4.057846307754517, 3.9184730052948], "umap": [10.80885624885559, 11.117335796356201, 10.97789716720581, 12.517227172851562, 11.02530550956726, 11.000618934631348, 10.91049313545227, 11.309851884841919, 10.90583348274231, 12.510442972183228], "umap_pca": [10.988377332687378, 11.070340156555176, 12.667593479156494, 11.249788045883179, 11.059935808181763, 11.187295913696289, 11.057585716247559, 11.022907495498657, 12.715794324874878, 11.117490530014038], "umato": [1.7274024486541748, 1.763718843460083, 1.8276968002319336, 1.76265549659729, 1.7546813488006592, 1.7981774806976318, 1.7914824485778809, 1.76521897315979, 3.475511074066162, 1.7487537860870361], "pacmap": [3.001110792160034, 3.082357406616211, 3.091247081756592, 3.0246589183807373, 3.1141369342803955, 3.0383782386779785, 2.82515025138855, 3.0449562072753906, 3.1264233589172363, 3.1061275005340576], "trimap": [3.359246253967285, 3.2889232635498047, 3.502380847930908, 3.2696311473846436, 3.2447569370269775, 3.2967824935913086, 3.181022882461548, 3.2527689933776855, 3.1805875301361084, 3.482187271118164], "pca": [0.02103447914123535, 0.020931720733642578, 0.021167278289794922, 0.020857810974121094, 0.020869731903076172, 0.020977258682250977, 0.02089691162109375, 0.020672082901000977, 0.020894765853881836, 0.021004915237426758], "lle": [2.2520647048950195, 2.113651752471924, 2.1986470222473145, 2.2838053703308105, 2.0948283672332764, 2.1140570640563965, 2.152738571166992, 2.1318295001983643, 2.1173410415649414, 2.121917963027954], "lmds": [0.8730525970458984, 0.24726533889770508, 0.4749140739440918, 1.1448204517364502, 0.5422444343566895, 0.9755067825317383, 0.690422773361206, 0.9553956985473633, 2.8221938610076904, 1.2411885261535645]}