{"umap": 12.54741644859314, "umato": 2.241031217575073, "pacmap": 4.636156225204468, "tsne": 26.599124336242674, "trimap": 4.8576325416564945, "pca": 0.06647253036499023, "lle": 21.954947185516357, "lmds": 2.034929800033569}