{"umap": 6.2031172752380375, "umato": 1.3931802749633788, "pacmap": 7.110951137542725, "tsne": 6.796430349349976, "trimap": 7.624828338623047, "pca": 0.08922491073608399, "lle": 1.0283955097198487, "lmds": 0.9918727874755859}