{"tsne": [5.206100702285767, 4.987050771713257, 5.0822813510894775, 5.023710012435913, 5.096390724182129, 4.8767218589782715, 5.185009241104126, 5.094362020492554, 5.252660036087036, 5.260069131851196], "isomap": [0.4130833148956299, 0.4221611022949219, 0.38585638999938965, 0.41013455390930176, 0.46158456802368164, 0.7434451580047607, 0.40801167488098145, 0.41677236557006836, 0.41011548042297363, 0.4091794490814209], "umap": [4.415319442749023, 4.416096925735474, 5.050536632537842, 4.561920166015625, 4.419734477996826, 5.086315393447876, 4.436032295227051, 4.467979192733765, 5.276450157165527, 4.456861972808838], "umap_pca": [4.987206697463989, 4.840025186538696, 5.53218150138855, 4.84499192237854, 4.954829692840576, 5.65508508682251, 4.569345951080322, 4.537041664123535, 5.3628621101379395, 4.518843650817871], "umato": [1.182875156402588, 1.4070043563842773, 1.9475517272949219, 1.426330327987671, 1.1544630527496338, 1.0994079113006592, 1.381873369216919, 1.0934884548187256, 1.10487961769104, 1.4562702178955078], "pacmap": [2.0874853134155273, 1.8082690238952637, 2.0493502616882324, 2.151716470718384, 3.2749533653259277, 2.104736089706421, 1.579284429550171, 2.0200374126434326, 1.7955598831176758, 3.0416669845581055], "trimap": [2.4762823581695557, 2.882721185684204, 2.57871150970459, 2.354191780090332, 1.987281322479248, 1.892272710800171, 2.600135326385498, 1.9050145149230957, 1.8655407428741455, 2.480468988418579], "pca": [0.014322996139526367, 0.012923955917358398, 0.012964487075805664, 0.013018131256103516, 0.013078451156616211, 0.012949466705322266, 0.012982368469238281, 0.01764988899230957, 0.013016223907470703, 0.013877153396606445], "lle": [0.20621776580810547, 0.2101736068725586, 0.26976585388183594, 0.2310643196105957, 0.22250127792358398, 0.21242308616638184, 0.21752524375915527, 0.2053070068359375, 0.21536040306091309, 0.21966171264648438], "lmds": [0.13261842727661133, 0.2630329132080078, 0.13977742195129395, 0.03286576271057129, 0.18121552467346191, 0.22767233848571777, 0.17679929733276367, 0.13269591331481934, 0.1396794319152832, 0.3614325523376465]}