{"umap": 2.980329990386963, "umato": 1.1021201610565186, "pacmap": 4.321357297897339, "tsne": 1.7535765171051025, "trimap": 4.406236696243286, "pca": 0.2805907726287842, "lle": 0.09079957008361816, "lmds": 0.08333930969238282}