{"tsne": [1.17519211769104, 1.1941196918487549, 1.1977381706237793, 1.235419750213623, 1.2026963233947754, 1.220978021621704, 1.2124738693237305, 1.1906700134277344, 1.2340543270111084, 1.1850717067718506], "isomap": [0.2078416347503662, 0.22043752670288086, 0.20724797248840332, 0.23739051818847656, 0.19077730178833008, 0.21936607360839844, 0.1885972023010254, 0.20813393592834473, 0.2166426181793213, 0.22397661209106445], "umap": [3.0785772800445557, 2.573345899581909, 2.4066498279571533, 3.2209060192108154, 2.4341561794281006, 2.420311689376831, 3.105600595474243, 2.451166868209839, 2.4482696056365967, 3.283576011657715], "umap_pca": [2.6829519271850586, 2.614806652069092, 3.1144912242889404, 2.4722096920013428, 2.5389301776885986, 3.280568838119507, 2.5145788192749023, 2.561891794204712, 3.235969066619873, 2.424525260925293], "umato": [0.9296150207519531, 0.9102199077606201, 1.0168216228485107, 1.7429025173187256, 1.0629174709320068, 1.012904167175293, 1.0324444770812988, 1.1547393798828125, 2.2303624153137207, 1.6083731651306152], "pacmap": [1.9802603721618652, 0.799426794052124, 0.780792236328125, 0.8512451648712158, 0.8305914402008057, 0.8923642635345459, 1.7502789497375488, 0.865084171295166, 0.8121488094329834, 0.7760179042816162], "trimap": [0.818711519241333, 0.7887871265411377, 0.7985544204711914, 0.8473978042602539, 0.8267507553100586, 0.6876399517059326, 0.6761701107025146, 0.7963418960571289, 0.9153354167938232, 0.8613646030426025], "pca": [0.035370826721191406, 0.03501391410827637, 0.03557538986206055, 0.0355684757232666, 0.0355679988861084, 0.03481626510620117, 0.035311222076416016, 0.034938812255859375, 0.03510594367980957, 0.03563213348388672], "lle": [0.05837392807006836, 0.0608823299407959, 0.06725311279296875, 0.06364059448242188, 0.06205320358276367, 0.06437993049621582, 0.06256985664367676, 0.06638789176940918, 0.06289458274841309, 0.07111620903015137], "lmds": [0.051016807556152344, 0.03960990905761719, 0.03583240509033203, 0.015937089920043945, 0.04042625427246094, 0.0316925048828125, 0.023627519607543945, 0.05109882354736328, 0.014853239059448242, 0.025382041931152344]}