{"tsne": [8.331040143966675, 8.223293781280518, 8.553966760635376, 8.255480289459229, 8.825255155563354, 8.667570352554321, 8.948522806167603, 8.71025824546814, 9.00592303276062, 8.915958881378174], "isomap": [1.010451316833496, 1.114861249923706, 1.0750815868377686, 1.1582088470458984, 1.205509901046753, 1.146735429763794, 1.146310567855835, 1.1922516822814941, 1.0355019569396973, 0.9685397148132324], "umap": [5.63690710067749, 5.486965179443359, 5.743422269821167, 5.622256755828857, 5.719404458999634, 5.493454456329346, 5.762732982635498, 5.693188428878784, 5.420120716094971, 5.7846057415008545], "umap_pca": [5.8146960735321045, 5.60799241065979, 5.694678544998169, 5.763899326324463, 5.409685850143433, 5.744849443435669, 5.67518949508667, 5.733098745346069, 5.6593005657196045, 5.7854461669921875], "umato": [1.1831471920013428, 1.5277149677276611, 1.1157970428466797, 1.10280179977417, 1.0693714618682861, 1.0858440399169922, 1.4684162139892578, 1.1328322887420654, 1.1013123989105225, 1.108879566192627], "pacmap": [1.4084010124206543, 1.3587536811828613, 1.3945496082305908, 1.1868624687194824, 1.0451903343200684, 1.362844705581665, 1.2374696731567383, 0.9491560459136963, 0.9465434551239014, 0.946814775466919], "trimap": [1.367903709411621, 1.2485160827636719, 1.1465425491333008, 1.0760042667388916, 1.0844147205352783, 1.3261685371398926, 1.8862824440002441, 1.6449952125549316, 1.5163624286651611, 1.5350184440612793], "pca": [0.0011641979217529297, 0.0011508464813232422, 0.001180410385131836, 0.0011434555053710938, 0.0010979175567626953, 0.0010364055633544922, 0.0010390281677246094, 0.0010209083557128906, 0.0010166168212890625, 0.0010259151458740234], "lle": [0.24269413948059082, 0.24528789520263672, 0.2426612377166748, 0.24197173118591309, 0.24299192428588867, 0.243483304977417, 0.24282264709472656, 0.24433588981628418, 0.24208283424377441, 0.24257826805114746], "lmds": [0.3758230209350586, 0.24584531784057617, 0.12498903274536133, 0.12668228149414062, 0.02880859375, 0.03159141540527344, 0.07352423667907715, 0.07036614418029785, 0.41535425186157227, 0.13044977188110352]}