{"umap": 8.087083768844604, "umato": 1.6169351577758788, "pacmap": 1.2421024799346925, "tsne": 10.444740343093873, "trimap": 1.3814531803131103, "pca": 0.0035645008087158204, "lle": 0.426392650604248, "lmds": 0.14378323554992675}