{"pca": 0.28812289237976074, "umap": 4271.504739284515, "pacmap": 528.7729141712189, "trimap": 747.6547863483429, "umap_pca": 235.18989253044128}