{"pca": 1.1941447257995605, "umap": 1896.8540062904358, "pacmap": 447.8919608592987, "trimap": 580.0804495811462, "umap_pca": 445.68978929519653}