{"pca": 0.33960771560668945, "umap": 5242.060262918472, "pacmap": 1090.7304832935333, "trimap": 1309.4947974681854, "umap_pca": 398.26331615448}